Time,Day,Month,Year,B1,BG1,BG2,BN8,CGP2,CGW1,CGW2,H1,L1,L2,P1,P2,P3,S1,S2,S3,SE,W1,W2,W3
2000-02-18,18,2,2000,"1,133","1,074","1,338","1,108","1,288","3,357","2,111","1,103","1,336",795,"1,229","1,458","1,451","3,293","2,761","4,086","2,647","2,902","1,515","1,770"
2000-03-05,5,3,2000,"1,010","1,079","1,261","1,039","1,222","1,729","2,164","1,066","1,264",742,"1,219","1,488","1,426","3,245","2,613","2,681","2,606","2,604","1,428","1,774"
2000-03-21,21,3,2000,"1,081","1,261","1,307","1,228","1,389","2,314","2,189","1,013","1,707",733,"1,305","1,536","1,464","3,782","2,566","5,124","2,891","3,268","1,522","1,737"
2000-04-06,6,4,2000,"1,179","1,273","2,446","1,014","1,278","1,868","2,113","1,408","1,687",729,"1,700",971,"1,392","4,383","2,498","1,989","2,574","3,280","1,405","1,730"
2000-04-22,22,4,2000,"1,050","1,057","1,820","1,056","1,281","1,978","1,801","1,212","1,393",792,"1,548","1,343","1,213","4,356","2,011","3,710","2,210","2,809","1,268","1,664"
2000-05-08,8,5,2000,"1,036",998,"1,450","1,105","1,530","2,328","2,036","1,208","1,486",651,"1,273","1,321","1,310","4,433","2,419","3,089","2,444","2,777","1,177","1,715"
2000-05-24,24,5,2000,980,"1,037","1,155",810,"1,191","1,897","1,687","1,034","1,279",872,"1,172","1,285","1,210","3,183","2,644","2,474","2,273","3,002","1,297","1,491"
2000-06-09,9,6,2000,"1,076","1,037","1,251","1,103","1,188","4,153","2,005",916,"1,128",748,"1,269","1,219","1,321","2,523","2,562","3,419","2,805","2,368","1,639","1,433"
2000-06-25,25,6,2000,910,"1,057","1,119",891,"1,217","1,429","1,720",958,966,834,"1,152","1,229","1,166","3,043","2,091","2,278","2,306","2,618","1,095","1,591"
2000-07-11,11,7,2000,863,872,"1,086",950,"1,187","1,683","1,674",989,"1,024",850,"1,674","1,248","1,214","3,417","2,449","2,321","2,452","2,606","1,363","1,437"
2000-07-27,27,7,2000,899,911,995,825,"1,199","1,344","1,735",971,"1,179",797,"1,167","1,238","1,182","2,578","2,606","2,881","1,924","2,068","1,230","1,545"
2000-08-12,12,8,2000,864,788,967,872,"1,176","1,407","1,626",888,"1,189",776,"1,151","1,243","1,155","2,704","2,038","3,158","1,919","2,392","1,213","1,460"
2000-08-28,28,8,2000,932,875,"1,107",961,"1,062","1,855","1,803",978,"1,229",806,"1,187","1,371","1,175","2,462","2,163","3,501","2,023","2,232","1,275","1,329"
2000-09-13,13,9,2000,874,808,"1,020",890,"1,083","1,429","1,446",912,"1,173",750,"1,125","1,284","1,170","2,691","2,204","1,685","2,140","2,255","1,222","1,477"
2000-09-29,29,9,2000,958,873,"1,096",962,"1,103","1,431","1,745",895,"1,247",790,"1,200","1,331","1,155","2,326","1,893","3,356","1,998","2,175","1,237","1,554"
2000-10-15,15,10,2000,918,883,"1,028",867,"1,155","2,211","1,707",897,"1,224",782,"1,077","1,348","1,179","3,188","2,015","3,570","2,110","2,158","1,203","1,460"
2000-10-31,31,10,2000,926,852,965,839,"1,097","1,414","1,773",910,"1,357",719,"1,217","1,245","1,185","2,365","1,779","1,738","1,851","1,941","1,228","1,471"
2000-11-16,16,11,2000,"2,438","1,455","1,651","1,338","1,799","2,566","1,824","1,924","1,668",-23,"1,803","1,654","1,551","3,884","3,962","2,373","1,103","2,795","1,481","1,832"
2000-12-02,2,12,2000,"1,284",927,"1,708","1,247","2,500","3,516","2,460","1,808","2,613",752,"1,854","1,763","1,745","4,597","4,312","2,130","2,480","3,013","1,646","2,352"
2000-12-18,18,12,2000,"2,155","2,274","3,129","1,803","3,026","4,311","2,797","2,988","3,326","1,036","2,887","2,133","2,964","6,397","5,052","4,027","2,874","3,485","2,557","4,374"
2001-01-01,1,1,2001,"2,155","1,609","1,491","1,760","2,292","3,479","2,797","3,708","3,223",-198,"1,797","1,911","2,504","4,225","4,852","3,572","2,776","3,194","3,319","2,931"
2001-01-17,17,1,2001,"2,541","2,742","2,418","4,388","3,566","4,975","4,535","3,733","3,656",298,"3,771","2,296","3,203","6,408","5,057","3,534","3,399","4,513","4,073","5,352"
2001-02-02,2,2,2001,"3,125","3,193","3,224","4,622","3,209","5,205","3,358","3,536","1,352",472,"3,379","2,550","3,375","6,018","5,121","3,505","3,124","3,808","3,465","4,391"
2001-02-18,18,2,2001,"2,068","1,686","1,786","1,929","2,106","3,288","3,146","1,812","2,541",515,"2,530","2,130","2,401","4,496","3,805","3,244","3,470","3,877","2,613","2,773"
2001-03-06,6,3,2001,"2,218","1,961","1,959","1,770","2,240","3,664","2,739","2,285","2,910",493,"2,928","2,227","2,426","4,588","3,501","4,829","3,598","4,010","2,392","2,716"
2001-03-22,22,3,2001,"2,900","2,203","1,214","2,162","3,150","2,938","2,220","2,193","3,016","1,609","2,600","2,380","2,431","5,466","4,542","4,142","2,850","4,225","1,898","2,494"
2001-04-07,7,4,2001,"2,346","2,179","4,260","2,234","2,231","2,939","3,559","3,035","2,318","1,664","2,572","2,205","2,090","5,135","4,949","4,363","3,976","4,457","2,624","3,399"
2001-04-23,23,4,2001,"2,037","1,680","2,071","1,869","1,781","2,132","2,956","1,526","2,026",866,"2,314","2,523","2,335","5,002","4,741","4,364","3,305","3,970","1,956","2,335"
2001-05-09,9,5,2001,"1,316","1,373","2,250","1,547","1,811","4,413","2,437","1,237","2,012",870,"2,147","2,550","2,341","4,905","3,768","4,975","3,419","4,230","2,096","2,343"
2001-05-25,25,5,2001,614,"1,578","1,501","1,686","1,748","2,914","2,672","1,373","1,667",949,"1,620","2,050","1,590","4,505","3,887","4,001","4,007","3,260","1,454","1,556"
2001-06-10,10,6,2001,"1,351","1,101",589,"2,194","1,422","2,570","2,062","1,303","1,379","1,472","1,464","1,952","1,574","3,713","3,530","3,361",680,"2,722","1,573","2,368"
2001-06-26,26,6,2001,"1,277",610,"1,372","1,306","1,616","2,969","2,597","1,283","1,561","1,044","1,434","1,798","1,529","3,497","3,938","3,761","3,315","3,249","1,533","1,877"
2001-07-12,12,7,2001,"1,185","1,039","1,279","1,199","1,308","2,348","1,674","1,165","1,480","1,058","1,406","1,569","1,489","4,122","2,859","4,111","4,058","3,041","1,467","1,861"
2001-07-28,28,7,2001,"1,175","1,080","1,115",884,"1,330","2,265","1,938","1,158","1,436","1,029","1,340","1,471","1,323","3,299","3,086","4,219","3,052","2,488","1,371","1,752"
2001-08-13,13,8,2001,"1,288","1,044","1,304","1,221","1,252","2,377","2,184","1,176","1,325","1,046","1,447","1,619","1,404","3,331","2,959","2,634","3,495","2,672","1,538","1,863"
2001-08-29,29,8,2001,"1,192",719,"1,305","1,051","1,279","1,966","2,021","1,063","1,294",986,"1,345","1,476","1,329","3,063","2,274","3,036","3,442","2,685","1,415","1,706"
2001-09-14,14,9,2001,"1,151",948,"1,254","1,051","1,339","1,761","1,705","1,153","1,315",970,"1,350","1,502","1,316","2,707","2,500","3,996","3,595","2,464","1,345","1,605"
2001-09-30,30,9,2001,"1,202",972,"1,276","1,200","1,429","2,192","2,009","1,155","1,416","1,122","1,340","1,580","1,430","2,445","2,970","3,291","3,553","2,693","1,547","1,705"
2001-10-16,16,10,2001,"1,207",937,"1,237","1,071","1,322","1,462","1,850",996,"1,356",981,"1,240","1,412","1,286","2,834","2,933","3,066","3,086","2,553","1,408","1,563"
2001-11-01,1,11,2001,"1,357","1,036","1,575",845,"1,057","1,803","1,856","1,224","1,156",905,"1,395","1,450","1,475","2,468","2,632","3,234","2,770","2,416","1,381","1,621"
2001-11-17,17,11,2001,"1,367","1,312","1,818","1,137","1,569","1,384","1,918","1,241","1,190",609,"1,358","1,516","1,355","3,510","2,425","2,509","3,156","3,045","1,318","1,723"
2001-12-03,3,12,2001,"1,085","1,040","1,069","1,078","1,443","2,077","1,718",787,"1,046",855,"1,426","1,626","1,680","3,995","3,328","2,342","4,023","2,016","1,439","1,439"
2001-12-19,19,12,2001,"1,720","1,518","2,015","1,074","1,189","1,040","1,685","1,364","1,088",833,"1,392","1,624","1,677","3,673","3,260","2,516","2,157","3,331","1,350","1,598"
2002-01-01,1,1,2002,"1,217","1,079","1,271",810,"1,189","1,494","1,685","1,015","1,088",860,"1,328","1,428","1,563","5,711","3,672","4,679","3,060","2,883","1,302","1,693"
2002-01-17,17,1,2002,"3,081","2,554","3,044","1,171","2,324","2,871","1,595","2,009","1,511",890,"2,133","1,814","1,897","5,505","5,591","3,379","3,812","3,622","1,635","1,742"
2002-02-02,2,2,2002,"2,144","1,787","2,213",904,"1,602","3,230","1,994","1,441","1,362","1,014","1,621","1,645","1,616","4,814","3,436","5,638","2,793","3,395","1,452","1,707"
2002-02-18,18,2,2002,"1,710","1,557","2,130",947,"1,716","4,297","3,126","1,328","1,537",839,"1,411","1,573","1,695","5,738","4,197","2,935","4,134","3,744","1,498","1,966"
2002-03-06,6,3,2002,"1,995","1,521","2,103","1,122","1,245","2,005","2,522","1,269","1,202","1,016","1,300","2,451","1,701","7,030","3,468","3,555","3,287","3,876","1,293","2,333"
2002-03-22,22,3,2002,"1,106","1,570","2,095","1,653","1,832","4,075","2,102","1,683","1,688",970,"1,461","1,588","1,419","4,237","3,379","3,970","3,341","3,480","1,395","2,023"
2002-04-07,7,4,2002,"1,244","1,147","1,489","1,008","1,423","2,736","2,082","1,069","1,677",923,"1,411","1,125","1,684","6,414","4,060","3,405","4,214","3,315","1,423",999
2002-04-23,23,4,2002,"1,108",941,"1,248","1,087","2,209","2,202","3,059","1,408","1,598",756,"1,807","1,718","1,756","4,952","4,413","3,156","3,634","4,089","1,728","3,343"
2002-05-09,9,5,2002,"1,578","1,089","2,016",954,"1,611","1,782","2,103","1,561","2,203","1,181","2,139","1,550","1,600","4,934","3,421","2,921","3,278","3,384","1,687","2,413"
2002-05-25,25,5,2002,"1,374","1,237","1,713","1,057","1,567","2,421","2,495","1,169","1,531",989,"1,588","1,573","1,577","4,066","3,138","3,574","3,511","3,296","1,642","1,959"
2002-06-10,10,6,2002,"1,250",926,"1,176",926,"1,255","3,200","2,334","1,017","1,159","1,067","1,496","1,336","1,310","3,997","3,290","3,465","2,767","2,989","1,479","1,916"
2002-06-26,26,6,2002,"1,051",961,"1,232",808,"1,391","1,677","2,099","1,083","1,207","1,056","1,363","1,433","1,263","3,639","2,926","3,002","2,671","2,576","1,301","1,766"
2002-07-12,12,7,2002,"1,081",969,"1,255",836,"1,258","2,055","2,240","1,026","1,144",906,"1,336","1,193","1,280","3,423","2,580","3,397","2,605","2,531","1,304","1,747"
2002-07-28,28,7,2002,768,996,"1,538",912,523,"2,002","1,616",966,989,844,"1,243","1,254","1,250","2,941","2,330","2,714","2,594","1,953","1,296","1,605"
2002-08-13,13,8,2002,"1,429","1,144","1,229","1,010","1,131","1,848","2,136","1,068","1,215","1,004","1,391","1,369","1,326","1,927","2,349","1,892","2,659","2,267","1,244","1,625"
2002-08-29,29,8,2002,966,832,"1,153",825,"1,198","1,661","1,935",918,"1,040",884,"1,191","1,292","1,218","3,109","2,222","2,130","2,428","1,999","1,198","1,553"
2002-09-14,14,9,2002,"1,040",785,"1,107",948,"1,234","1,855","1,724",926,"1,177",885,"1,129","1,230","1,152","2,599","2,038","2,105","2,213","2,033","1,082","1,397"
2002-09-30,30,9,2002,"1,043",869,"1,048",753,"1,116","1,575","1,907",968,"1,049",842,"1,143","1,195","1,181","2,524","2,107","1,887","2,544","1,537","1,173","1,549"
2002-10-16,16,10,2002,962,912,"1,056",892,"1,249","2,662","1,858",945,951,799,"1,143","1,305","1,064","2,057","2,726","3,337","2,477","2,130","1,253","1,774"
2002-11-01,1,11,2002,993,905,"1,099",786,"1,205","1,427","1,878",877,"1,200",748,"1,257","1,304","1,249","2,649","1,920","3,970","1,888","2,079","1,321","1,746"
2002-11-17,17,11,2002,"1,623","1,646","1,848","1,008","1,919","2,292","2,398","1,457","1,128",754,"1,407","1,662","1,720","3,491","2,729","2,432","2,148","2,565","1,402","1,971"
2002-12-03,3,12,2002,"2,296","2,839","1,965","1,822","1,774","2,200","2,924","2,650","1,360",978,"1,985","2,220","3,431","4,309","4,261","3,183","2,527","2,087","2,151","3,250"
2002-12-19,19,12,2002,"4,165","3,072","3,542","3,136","3,389","2,938","2,818","4,607","1,354",589,"3,151","2,390","3,047","7,066","3,936","5,624","3,549","3,993","4,266","2,721"
2003-01-01,1,1,2003,"4,165","2,910","3,507","1,993","3,389","4,182","3,952","4,607","3,685",529,"2,839","2,227","3,747","5,195","4,860","3,526","4,378","4,135","3,882","3,734"
2003-01-17,17,1,2003,"2,188","1,808","1,997","1,237","2,391","2,927","2,460","3,472","1,742","1,177","1,983","1,746","2,413","5,510","4,047","5,068","3,868","3,899","2,681","2,719"
2003-02-02,2,2,2003,"2,349","1,602","1,758","1,202","1,919","2,814","2,717","1,804","3,329","1,170","2,489","2,098","2,088","5,130","3,153","4,208","3,692","2,619","2,052","2,363"
2003-02-18,18,2,2003,"2,568","1,701","1,647","1,030","1,534","1,964","2,498","1,201","2,303","1,010","1,947","1,752","1,765","4,923","3,891","4,108","3,529","3,032","1,837","1,804"
2003-03-06,6,3,2003,"1,595","1,296","1,530",992,"1,582","3,888","1,801","1,344","2,173",906,"1,359","1,671","1,641","4,571","3,180","2,586","3,733","2,896","1,532","1,739"
2003-03-22,22,3,2003,"1,421","1,427","1,802","1,179","1,457","3,363","2,241","1,434","1,687","1,034","1,397","1,534","1,551","3,603","3,937","2,751","3,623","3,081","1,416","1,689"
2003-04-07,7,4,2003,"1,540","1,331","1,351",913,"1,649","1,905","2,310","1,152","1,956",846,"1,384","1,435","1,429","3,282","2,624","5,226","3,159","2,870","1,304","1,796"
2003-04-23,23,4,2003,"1,377","1,142","1,143",784,"1,404","1,772","2,141","1,195","1,308",794,"1,368","1,538","1,326","3,580","3,286","2,712","3,171","2,778","1,300","1,646"
2003-05-09,9,5,2003,"2,580","2,233","2,272","1,145","2,227","2,540","3,103","1,950",602,548,"2,382","2,121","2,100","5,033","4,169","3,364","3,097","3,101","1,592","2,574"
2003-05-25,25,5,2003,"2,140","1,625","2,311","2,054","1,937","2,451","3,549","2,030","3,218",593,"2,136","1,848","1,622","5,966","4,264","4,037","3,219","2,466","2,002","2,737"
2003-06-10,10,6,2003,"1,693","1,459","1,555","1,385","1,741","2,527","3,373","1,478","2,952",828,"1,867","1,823","1,720","5,601","3,202","3,777","3,272","3,211","1,660","2,247"
2003-06-26,26,6,2003,"1,385","1,305","1,253","1,000","1,562","1,948","2,776","1,364","2,665","1,114","1,605","1,647","1,622","5,229","3,643","3,788","2,779","2,856","1,602","2,107"
2003-07-12,12,7,2003,"1,384","1,135","1,254",978,"1,385","2,474","2,034","1,256","2,064","1,191","1,444","1,556","1,588","4,637","3,678","3,191","3,006","2,929","1,557","1,885"
2003-07-28,28,7,2003,"1,136",978,"1,032",758,618,"2,022","2,734",459,"1,902",486,650,562,973,"2,765","2,762","1,326","1,833","2,496","1,043","2,664"
2003-08-13,13,8,2003,"1,261","1,142","1,209",960,"1,343","1,935","2,211","1,205","1,652","1,096","1,401","1,528","1,483","3,113","2,957","2,923","2,656","2,199","1,529","1,799"
2003-08-29,29,8,2003,"1,226","1,124","1,191",940,"1,221","2,613","2,119","1,089","1,411",957,"1,236","1,269","1,259","2,757","2,141","2,619","2,693","2,179","1,228","1,527"
2003-09-14,14,9,2003,"1,253",974,"1,135",757,"1,233","1,854","1,592","1,028","1,306",915,"1,224","1,289","1,188","2,983","2,147","2,004","2,663","2,046","1,260","1,488"
2003-09-30,30,9,2003,"1,125",975,"1,078",882,"1,261","1,669","1,897","1,039","1,216",930,"1,289","1,258","1,217","2,632","2,634","3,398","2,338","2,285","1,279","1,481"
2003-10-16,16,10,2003,"1,132",952,"1,099",742,"1,145","1,615","1,935",988,"1,101",828,"1,144","1,250","1,242","2,828","2,195","1,714","2,116","2,133","1,203","1,518"
2003-11-01,1,11,2003,"1,267",991,"1,541",831,"1,145","2,257","1,737","1,046","1,164",931,"1,301","1,361","1,407","3,188","3,436","2,272","3,031","2,172","1,250","1,692"
2003-11-17,17,11,2003,345,"1,059","1,511",879,"1,734","1,622","2,040",301,"1,075",560,837,"1,762","1,567","4,588","3,159","2,573","2,867","2,287","1,968","1,887"
2003-12-03,3,12,2003,"1,421","1,147","1,077",775,"1,505","1,510","1,915",940,"1,427",423,"1,405","1,601","1,347","4,088","3,280","2,980","2,539","2,710","1,289","1,744"
2003-12-19,19,12,2003,"1,144","1,040",957,699,"1,495","1,486","1,708",848,"1,151",811,"1,371","1,386","1,322","3,079","2,782","3,742","2,319","2,432","1,186","1,513"
2004-01-01,1,1,2004,"1,261","1,244","1,527",941,"1,356","2,865","2,342","1,060","1,427",744,"1,348","1,360","1,274","3,572","3,156","3,742","2,856","2,432","1,254","1,355"
2004-01-17,17,1,2004,"1,873","1,729","1,583",802,"2,445","2,022","2,096","1,398","1,126",926,"1,664","1,716","1,671","4,029","2,930","3,070","2,014","2,634","1,316","2,378"
2004-02-02,2,2,2004,"2,468","2,374","2,738","3,232","2,240","3,126","2,205","2,597","1,322",857,"2,023","2,101","2,451","5,172","4,184","4,432","2,986","3,353","2,788","3,370"
2004-02-18,18,2,2004,"2,446","2,295","2,849","2,268","2,004","5,423","2,761","1,516","1,169",847,"1,859","1,921","2,185","4,545","4,645","3,432","3,118","3,314","2,183","2,791"
2004-03-05,5,3,2004,"1,631","1,514","1,772","1,439","1,575","2,580","2,861","1,496","1,475",869,"1,483","1,671","1,919","6,814","3,933","3,594","3,108","3,288","1,634","2,180"
2004-03-21,21,3,2004,"1,562","2,020","2,636","1,241","1,769","2,681","2,708","1,904","1,293",936,"1,356","1,791","1,923","6,845","3,264","2,789","3,996","3,270","2,068","2,033"
2004-04-06,6,4,2004,"2,679","2,385","3,234","1,942","1,286","2,089","2,250","3,480","2,096",897,"1,980","1,531","1,958","5,289","4,065","3,384","3,431","2,965","1,606","1,942"
2004-04-22,22,4,2004,"2,211","1,842","3,011","1,489","1,674","4,212","2,261","3,298","2,399",204,"1,930","1,736","1,811","5,172","4,528","3,841","2,997","3,465","2,042","2,205"
2004-05-08,8,5,2004,"1,673","1,724","2,606","1,200","1,469","4,291","1,788","1,795","3,080","1,064","1,922","1,776","1,623","5,910","5,130","2,283","3,327","3,681","1,726","1,947"
2004-05-24,24,5,2004,"1,174",997,"1,657",914,"1,309","2,606","2,689","1,630","2,112",901,"1,488","1,589","1,616","4,629","4,352","3,161","2,843","3,065","1,337","1,882"
2004-06-09,9,6,2004,"1,293","1,250","1,401",815,"1,275","1,848","2,191","1,345","1,580",887,"1,274","1,342","1,281","2,759","3,687","3,658","2,566","2,256","1,216","1,585"
2004-06-25,25,6,2004,"1,271",784,"1,315",772,"1,099","2,013","1,927","1,175","1,498",893,"1,196","1,239","1,258","2,876","3,001","3,069","2,561","2,184","1,178","1,577"
2004-07-11,11,7,2004,"1,104","1,066","1,177",807,"1,211","2,141","1,733","1,213","1,187",877,"1,200","1,203","1,262","2,813","2,709","2,538","2,152","1,962","1,287","1,579"
2004-07-27,27,7,2004,"1,050",982,"1,268",917,"1,162","1,898","1,516","1,150","1,112",866,"1,160","1,215","1,209","2,230","2,367","4,220","2,218","1,931","1,382","1,519"
2004-08-12,12,8,2004,"1,059",998,"1,125",813,"1,225","1,840","1,912","1,104","1,103",839,"1,217","1,286","1,131","2,787","2,022","2,337","2,210","1,843","1,276","1,578"
2004-08-28,28,8,2004,906,"1,046","1,221",684,"1,179","1,361","1,871","1,196","1,228",864,"1,217","1,171","1,184","2,281","2,097","1,797","2,151","1,988","1,257","1,515"
2004-09-13,13,9,2004,"1,069","1,066","1,136",862,"1,182","2,040","1,932","1,172","1,128",768,"1,182","1,143","1,109","2,341","2,191","2,280","2,114","1,905","1,193","1,550"
2004-09-29,29,9,2004,"1,024","1,025","1,092",684,"1,121","1,817","1,792","1,053","1,058",783,"1,126","1,136","1,218","2,413","1,939","1,840","2,046","1,776","1,138","1,457"
2004-10-15,15,10,2004,"1,037",920,"1,116",886,"1,152","2,199","1,693",985,"1,109",830,"1,142","1,136","1,120","2,218","1,868","1,907","2,055","2,022","1,281","1,555"
2004-10-31,31,10,2004,"1,118","1,046","1,158",830,"1,119","1,886","2,532","1,029","1,183",813,"1,118","1,150","1,045","2,367","2,129","1,844","2,111","1,833","1,422","1,682"
2004-11-16,16,11,2004,"1,034",953,990,723,"1,149","1,396","1,703",993,"1,066",888,"1,046","1,184","1,090","2,839","1,946","3,373","1,894","1,945","1,185","1,562"
2004-12-02,2,12,2004,"1,125","1,228","1,656",757,"1,346","1,440","1,870","1,279","1,146",869,"1,210",807,667,"2,731","2,030","2,135","1,533","1,878","1,227","1,673"
2004-12-18,18,12,2004,"1,221","1,095","1,284",740,"1,384","1,456","1,886","1,602","1,217",750,"1,107","1,215","1,231","3,056","3,466","2,441","3,383","2,722","1,178","1,678"
2005-01-01,1,1,2005,"1,221","1,054","1,590",791,"1,384","1,630","2,292","1,602","1,058",823,"1,709","1,348","1,356","5,227","2,656","2,716","2,614","2,790","1,237","1,757"
2005-01-17,17,1,2005,"1,144","1,031","1,342","1,085","1,257","1,572","1,891","1,298","1,094",781,"1,516","1,370","1,102","4,229","3,695","2,564","3,122","2,307","1,248","1,901"
2005-02-02,2,2,2005,"1,069",922,"1,127",667,"1,330","1,575","1,726","1,056","1,134",821,"1,356","1,383","1,342","4,167","3,864","2,656","3,363","2,551","1,252","1,665"
2005-02-18,18,2,2005,"1,012",899,"1,050",736,"1,159","1,573","1,888","1,039","1,090",769,"1,305","1,243","1,481","2,891","2,794","1,890","2,854","2,202","1,317","1,950"
2005-03-06,6,3,2005,"1,207",964,"1,027",752,"1,556","1,831","1,955","1,446","1,130",850,"1,364","1,412","1,443","2,383","2,414","2,397","2,677","2,506","1,526","2,046"
2005-03-22,22,3,2005,"1,669","1,368","1,784","1,059","1,932","2,259","2,155","2,743","1,395","1,016","1,582","1,606","1,752","4,587","3,702","2,698","2,510","2,533","1,771","2,949"
2005-04-07,7,4,2005,"1,650","1,573","1,779","1,445","2,248","3,213","2,776","2,816","2,463",425,"2,874","2,094","2,288","4,644","4,504","4,091","3,874","3,845","2,425","4,122"
2005-04-23,23,4,2005,"1,526","1,331","1,636","1,064","2,650","2,791","3,032","2,009","2,435","1,213","2,512","1,819","2,541","5,258","4,487","5,318","3,215","4,947","3,784","4,303"
2005-05-09,9,5,2005,"1,300","1,384","1,557",953,"1,815","3,414","1,978","1,501","1,419","1,173","2,217","1,927","1,759","5,037","4,132","7,200","3,380","4,118","1,951","2,062"
2005-05-25,25,5,2005,"1,463","1,232","1,499","1,272","1,691","3,502","2,163","1,803","1,601","1,147","2,282","1,496","1,568","3,093","3,937","7,142","3,465","3,921","1,733","2,246"
2005-06-10,10,6,2005,"1,201",982,"1,129",720,"1,692","4,178","2,373","1,538","1,558","1,025","1,453","1,552","1,553","4,201","3,620","2,756","2,408","3,459","1,690","1,967"
2005-06-26,26,6,2005,"1,125","1,018",784,791,"1,496","1,856","2,433","1,011","1,247",983,"1,359","1,321","1,399","3,499","2,638","3,149","2,511","2,851","1,361","1,872"
2005-07-12,12,7,2005,"1,024",937,989,625,"1,347","1,960","2,273","1,127","1,107",873,"1,373","1,258","1,273","3,435","3,294","2,880","2,639","2,663","1,287","1,572"
2005-07-28,28,7,2005,"1,034",383,"1,050",357,"1,258","2,784","1,919","1,290",340,842,626,"1,368","1,292","4,235","4,172","2,714","2,530","2,580","1,443","1,462"
2005-08-13,13,8,2005,966,876,938,650,"1,302","1,763","1,762","1,085","1,145",905,"1,344","1,337","1,215","2,591","2,807","2,261","2,290","2,199","1,337","1,605"
2005-08-29,29,8,2005,"1,136",893,"1,025",684,"1,261","1,883","2,016","1,070","1,146",919,"1,279","1,231","1,266","2,720","2,640","2,425","2,433","2,221","1,340","1,709"
2005-09-14,14,9,2005,963,942,980,730,"1,201","1,690","1,612","1,065","1,098",904,"1,183","1,191","1,132","2,332","2,413","3,203","2,302","1,982","1,174","1,573"
2005-09-30,30,9,2005,933,830,905,655,"1,180","1,471","1,900",941,"1,062",848,"1,184","1,120","1,103","2,036","1,832","1,340","2,085","2,045","1,368","1,662"
2005-10-16,16,10,2005,906,877,956,705,"1,152","1,884","1,569","1,047",937,866,"1,129","1,097","1,154","2,109","2,060","1,755","1,971","1,988","1,207","1,542"
2005-11-01,1,11,2005,"1,344","1,096","1,655",696,"1,443","2,118","2,069","1,498","1,009",740,"1,583","1,038","1,265","2,859","2,774","2,949","1,577","1,977","1,204","2,314"
2005-11-17,17,11,2005,"1,234","1,246","1,465","1,020","1,516","2,208","2,822","1,263","1,117",450,"1,961","1,668","1,419","3,224","2,394","2,660","2,549","2,483","1,283","1,746"
2005-12-03,3,12,2005,"1,064",919,"1,265",731,"1,236","1,577","2,108","1,198",994,798,"1,428","1,355","1,280","5,226","3,496","2,324","2,410","2,659","1,207","1,605"
2005-12-19,19,12,2005,983,928,997,722,"1,183","2,014","1,906",997,"1,083",839,"1,340","1,355","1,196","4,228","3,035","2,137","2,486","2,559","1,128","1,736"
2006-01-01,1,1,2006,"1,014",885,944,863,"1,079","1,499","1,826",614,984,791,"1,219","1,305",867,"3,222","2,677","2,911","2,526","2,484","1,119","1,772"
2006-01-17,17,1,2006,"1,010",860,976,770,"1,161","1,385","1,875",974,"1,017",903,"1,190","1,157","1,128","2,580","1,963","2,257","2,019","1,773","1,166","1,696"
2006-02-02,2,2,2006,962,822,"1,145",698,"1,118","1,535","1,530",925,"1,021",740,"1,189","1,167","1,089","1,971","1,457","2,480","2,035","1,948","1,053","1,347"
2006-02-18,18,2,2006,"1,359",779,833,766,"1,280","1,457","1,750","1,156","1,206",884,"1,420","1,269","1,220","2,269","2,078","2,525","2,034","1,726","1,376","1,743"
2006-03-06,6,3,2006,"1,636","1,502","1,792",875,"2,123","1,718","1,942","1,371","1,191",874,"2,327","1,829","1,651","3,406","4,339","3,322","2,644","2,723","1,873","2,313"
2006-03-22,22,3,2006,"2,072","2,245","2,406","1,864","1,893","2,578","2,508","1,492","1,926","1,058","2,446","2,024","2,666","5,185","5,266","3,202","3,614","2,588","2,177","2,705"
2006-04-07,7,4,2006,"4,105","4,388","4,129","4,288","2,440","4,001","3,132","2,330","2,355",957,"2,973","2,434","2,788","6,553","7,439","5,359","4,476","4,571","2,931","3,075"
2006-04-23,23,4,2006,"2,479","2,353","2,667","2,117","1,902","2,992","2,684","1,749","2,354",802,"1,959","2,080","2,204","5,615","4,667","3,512","3,825","3,537","2,116","2,422"
2006-05-09,9,5,2006,"3,056","2,413","3,621","2,746","2,133","2,101","2,816","2,051","3,195",902,"2,293","1,989","2,041","3,842","3,575","4,006","3,455","4,067","2,077","2,319"
2006-05-25,25,5,2006,"2,207","2,148","2,609","1,718","1,847","1,839","2,406","1,785","2,678",929,"2,150","1,688","2,318","5,125","4,083","2,559","3,030","3,500","1,516","1,899"
2006-06-10,10,6,2006,"1,628","1,670","2,186","1,548","1,493","2,964","2,146","1,202","2,454",839,"1,757","1,757","1,758","4,619","3,225","3,140","3,701","3,208","1,685","1,989"
2006-06-26,26,6,2006,"1,457","1,355","1,733",987,"1,400","1,774","2,013","1,186","1,697",862,"1,686","1,562","1,442","3,627","3,225","3,077","3,269","2,900","1,272","1,794"
2006-07-12,12,7,2006,"1,466",650,"1,375","1,165","1,458","2,034","1,541","1,142",928,970,"1,397","1,474","1,464","4,224","2,443","2,969","2,507","3,116","1,432","1,758"
2006-07-28,28,7,2006,"1,238","1,010","1,327","1,008","1,256","1,721","1,779","1,052","1,527",837,"1,292","1,237","1,281","3,488","2,800","3,349","2,937","2,517","1,376","1,719"
2006-08-13,13,8,2006,"1,257","1,253","1,378","1,136","1,226","1,644","1,783",992,"1,376",846,"1,304","1,405","1,335","3,377","2,541","2,344","2,901","2,225","1,302","1,671"
2006-08-29,29,8,2006,"1,143","1,133","1,115","1,053","1,274","2,599","1,484","1,044","1,488",870,"1,200","1,335","1,210","2,229","2,226","2,823","2,322","2,341","1,206","1,618"
2006-09-14,14,9,2006,"1,141","1,062","1,225",958,"1,281","1,683","1,788","1,037","1,323",786,"1,169","1,310","1,238","2,360","2,241","7,191","2,179","2,152","1,392","1,718"
2006-09-30,30,9,2006,"1,227","1,114","1,206",968,"1,247","1,902","1,376",981,"1,146",787,"1,171","1,308","1,176","2,685","1,926","1,950","2,089","2,010","1,179","1,637"
2006-10-16,16,10,2006,"1,349","1,010","1,210","1,253","1,263","1,721","1,577","1,008","1,216",820,"1,216","1,242","1,098","2,225","2,009","1,906","2,458","1,866","1,169","1,537"
2006-11-01,1,11,2006,"1,066","1,299","1,235",945,918,"1,854","1,846","1,282","1,424",806,"1,439","1,403","1,433","3,352","2,194","2,674","2,243","1,569","1,391","1,832"
2006-11-17,17,11,2006,"1,728","1,583","1,591",925,"1,338","2,206","1,742","1,469","1,201",919,"1,486","1,505","1,417","2,998","2,558","3,178","1,907","2,355","1,295","1,973"
2006-12-03,3,12,2006,"3,052","2,447","2,890","1,329","1,708","2,045","3,270","2,223","1,095",982,"1,895","2,028","2,048","4,033","3,493","1,291","3,098","3,066","1,373","2,659"
2006-12-19,19,12,2006,"2,782","3,353","3,168","2,752","1,549","2,402","2,119","1,354","1,406","1,010","2,201","1,765","1,826","5,479","5,350","4,204","2,901","3,439","1,598","4,459"
2007-01-01,1,1,2007,"3,087","3,527","3,720","5,077","2,760","4,854","3,567","2,479",815,73,"3,254","2,769","3,112","6,059","6,021","3,827","3,184","4,130","3,078","5,220"
2007-01-17,17,1,2007,"2,214","2,841","2,785","5,999","2,664","4,563","2,342","2,220","1,685",727,"3,148","2,154","2,800","6,413","5,926","5,189","3,511","4,247","4,225","4,501"
2007-02-02,2,2,2007,"2,260","1,812","3,210","5,166","2,040","2,527","2,661","1,727","2,284",771,"2,791","2,009","2,654","5,122","4,283","3,474","3,409","4,585","2,319","3,876"
2007-02-18,18,2,2007,"1,655","1,725","2,573","3,015","1,695","3,387","2,434","1,475","1,951",808,"2,012","1,957","1,969","4,679","3,645","3,898","3,116","3,769","2,069","2,638"
2007-03-06,6,3,2007,"1,620","1,774","2,259","2,947","1,763","2,327","2,218","1,310","1,801",934,"2,147","1,832","1,909","4,266","4,021","3,727","3,166","3,607","1,914","2,457"
2007-03-22,22,3,2007,"1,296","1,483","1,035","2,160","1,445","2,143","1,663","1,394","1,559",785,"1,927","1,653","1,864","4,153","3,350","2,891","2,972","3,585","1,596","1,813"
2007-04-07,7,4,2007,"1,453",799,"1,236","2,123","1,125","2,368","1,741","1,275","1,700",859,"1,693","1,511","1,556","4,002","3,690","4,332","3,057","3,128","1,565","1,834"
2007-04-23,23,4,2007,"1,439","1,487","1,390","1,663","1,297","1,544","1,729",902,"1,445",627,"1,481","1,511","1,424","3,949","2,752","3,084","3,423","3,552","1,181","1,855"
2007-05-09,9,5,2007,"1,425","1,306","1,792","1,524","1,195","2,136","1,904",895,"1,265",742,"1,268","1,249","1,214","3,682","3,064","3,133","2,652","3,071","1,262","1,607"
2007-05-25,25,5,2007,"1,143","1,157","1,387","1,348","1,430","3,699","2,022","1,134","1,235",792,"1,355","1,331","1,304","2,777","3,432","3,826","2,862","2,729","1,347","1,826"
2007-06-10,10,6,2007,"1,205","1,041","1,095","1,103","1,213","1,784","1,935","1,051","1,213",777,"1,248","1,347","1,230","2,777","2,167","2,703","2,772","2,758","1,315","1,631"
2007-06-26,26,6,2007,"1,027","1,048","1,141","1,000","1,161","2,242","1,579",964,"1,049",750,"1,240","1,272","1,188","2,508","2,471","2,233","2,123","2,585","1,259","1,403"
2007-07-12,12,7,2007,804,932,"1,393","1,341",869,"1,314","1,261",516,"1,138",700,"1,214",977,"1,346","3,198","2,633","2,330","2,043","1,606","1,359","2,138"
2007-07-28,28,7,2007,"1,358","1,164","1,305","1,303","1,053","2,677","2,187","1,011","1,170",947,"1,335","1,496","1,316","3,153","2,640","2,421","2,251","2,199","1,448","1,763"
2007-08-13,13,8,2007,"1,039",999,"1,201","1,130","1,188","1,444","1,871",957,"1,136",807,"1,207","1,313","1,228","3,031","3,028","2,353","2,327","2,250","1,326","1,729"
2007-08-29,29,8,2007,834,"1,062","1,285","1,260","1,324","1,989","2,158","1,045","1,204",988,"1,281","1,218","1,322","2,697","2,370","2,266","1,916","2,266","1,457","1,513"
2007-09-14,14,9,2007,985,991,"1,120","1,102","1,189","2,289","1,680",746,983,738,"1,171","1,160","1,166","2,749","2,256","1,704","2,102","2,001","1,217","1,540"
2007-09-30,30,9,2007,921,881,"1,091",932,"1,150","2,032","1,523",953,999,749,"1,122","1,192","1,163","2,581","2,116","2,361","2,043","1,755","1,178","1,498"
2007-10-16,16,10,2007,960,892,"1,156",965,"1,176","1,396","1,842",920,"1,179",748,"1,181","1,357","1,108","2,007","2,150","1,998","2,013","1,826","1,184","1,664"
2007-11-01,1,11,2007,"1,007",914,"1,099",964,981,"1,677","1,902",983,"1,156",733,"1,226","1,304","1,155","2,499","2,371","1,500","1,881","1,728","1,263","1,746"
2007-11-17,17,11,2007,888,901,919,960,"1,166","1,372","1,950",891,"1,160",861,"1,144","1,558","1,188","2,343","1,439","1,751","1,598","2,207","1,234","1,625"
2007-12-03,3,12,2007,966,877,"1,035",872,"1,278","1,522","1,562",501,"1,075",797,"1,283","1,182","1,514","3,191","2,033","2,613","2,575","2,097","1,435","1,634"
2007-12-19,19,12,2007,993,756,969,780,"1,126","1,998","1,910",913,"1,218",767,"1,416","1,739","1,640","3,967","4,066","3,526","1,575","3,137","1,402","2,217"
2008-01-01,1,1,2008,993,795,969,780,"1,126","1,998","1,910",913,"1,152",767,"1,416","1,739","1,640","4,600","4,066","2,940","2,574","3,137","1,256","1,906"
2008-01-17,17,1,2008,"1,182",959,"1,540",775,"1,114","2,282","2,131","1,127","1,278",754,"1,449","1,679","1,736","4,460","3,501","2,699","2,626","3,362","1,870","2,170"
2008-02-02,2,2,2008,"1,043",915,"1,294",696,"1,219","1,485","1,939","1,042","1,524",760,"1,320","1,523","1,376","3,481","3,710","1,764","2,279","2,678","1,416","1,822"
2008-02-18,18,2,2008,"1,307","1,109","1,519",852,"1,140","2,209","1,889",917,"1,146",835,"1,174","1,439","1,300","3,187","3,403","2,089","2,472","2,823","1,218","1,863"
2008-03-05,5,3,2008,971,832,"1,045",735,"1,155","1,336","1,422",919,"1,114",951,"1,292","1,209","1,132","3,509","2,915","2,809","2,340","2,183","1,360","1,976"
2008-03-21,21,3,2008,891,"1,673","3,003","1,195","1,738","2,017","1,958","1,396","1,633",812,"2,295","2,372","2,252","2,732","4,214","3,912","2,236","3,072","1,670","3,306"
2008-04-06,6,4,2008,"2,917","2,459","2,693","1,283","2,073","4,474","3,016","2,542","3,097","1,008","2,559","1,971","2,098","7,792","4,968","4,252","3,590","3,814","2,189","2,787"
2008-04-22,22,4,2008,965,"1,997","1,817","1,837","2,232","1,956","2,386","1,807","2,443","1,135","2,281","2,001","1,785","4,435","3,967","4,262","3,469","3,610","1,829","2,484"
2008-05-08,8,5,2008,"1,203","1,181","1,259","1,074","1,472","2,762","2,153","1,277","1,739",914,"1,666","1,534","1,438","4,264","3,905","2,983","3,294","3,215","1,442","2,068"
2008-05-24,24,5,2008,"1,178",995,"1,168",941,"1,295","1,561","2,125","1,100","1,312",771,"1,547","1,323","1,190","2,853","3,167","4,833","2,406","2,804","1,346","1,787"
2008-06-09,9,6,2008,"1,119","1,147","1,132",970,"1,339","1,959","1,834","1,026","1,192",849,"1,413","1,369","1,261","3,441","2,596","2,282","2,828","2,398","1,303","1,627"
2008-06-25,25,6,2008,989,988,"1,084",784,"1,239","1,894","1,862","1,015","1,216",854,"1,248","1,293","1,200","2,762","2,291","3,312","2,509","2,038","1,312","1,371"
2008-07-11,11,7,2008,968,986,"1,023",812,"1,218","1,396","2,035",996,"1,082",783,"1,185","1,292","1,126","2,452","2,432","2,302","1,988","1,945","1,195","1,649"
2008-07-27,27,7,2008,"1,142","1,080","1,168",915,"1,107","1,690","1,851","1,409","1,143",790,"1,278","1,211","1,253","2,601","2,451","2,227","2,312","2,247","1,309","1,738"
2008-08-12,12,8,2008,"1,109","1,022","1,078",830,"1,221","1,546","1,732","1,065","1,224",839,"1,255","1,336","1,139","2,031","2,096","1,774","2,258","2,043","1,283","1,818"
2008-08-28,28,8,2008,"1,002","1,004",974,780,"1,152","2,012","1,639",994,"1,155",822,"1,220","1,278","1,206","2,363","2,461","1,709","2,084","2,031","1,168","1,567"
2008-09-13,13,9,2008,"1,072",960,"1,005",652,"1,048","1,462","1,646","1,047",991,765,"1,152","1,170","1,168","2,072","2,155","1,814","2,109","1,814","1,165","1,481"
2008-09-29,29,9,2008,"1,007",928,"1,073",666,"1,165","1,874","1,720",949,"1,076",813,"1,025","1,252","1,242","2,354","2,151","1,723","1,954","1,817","1,275","1,645"
2008-10-15,15,10,2008,897,884,"1,001",703,"1,106","1,677","1,630",900,974,757,"1,061","1,259",994,"2,025","1,859","2,812","1,937","1,694","1,091","1,502"
2008-10-31,31,10,2008,957,936,"1,052",830,"1,106","3,288","1,595",914,945,707,"1,081","1,153","1,065","1,886","1,808","1,681","2,096","1,976","1,449","1,640"
2008-11-16,16,11,2008,"1,731","1,760","2,172","2,289","1,732","2,796","1,935","1,370","1,430",828,"2,305","1,534","1,584","4,802","4,317","2,018","2,240","2,522","1,250","2,220"
2008-12-02,2,12,2008,"1,412","1,375","1,550","1,102","1,682","1,798","2,139","1,168","1,601",851,"2,232","1,346","1,362","3,247","4,180","2,480","2,785","3,526","1,514","2,335"
2008-12-18,18,12,2008,977,"1,002","1,210",745,"1,253","2,062","2,617",986,"1,140",769,"1,378","1,386","1,214","3,033","2,586","2,549","2,924","2,641","1,127","1,633"
2009-01-01,1,1,2009,972,984,"1,071",827,"1,226","2,062","1,992","1,000","1,119",724,"1,295","1,204","1,122","2,565","2,422","2,100","2,634","2,303","1,290","1,802"
2009-01-17,17,1,2009,"1,031","1,067",642,906,"1,196","1,718","1,856","1,248","1,248",793,"1,352","1,205","1,182","1,060","2,593","3,951","2,238","2,088","1,314","1,768"
2009-02-02,2,2,2009,892,879,980,802,"1,139","1,382","1,837",904,"1,038",747,"1,145","1,177","1,106","2,379","2,192","3,855","2,605","2,119","1,225","1,806"
2009-02-18,18,2,2009,888,909,977,855,"1,258","1,506","1,720",937,"1,038",728,"1,114","1,174","1,081","2,813","2,773","2,186","2,360","2,299","1,241","1,455"
2009-03-06,6,3,2009,899,840,974,611,"1,078","2,121","1,807",871,937,747,"1,090","1,163","1,051","2,082","2,092","2,824","2,380","1,970","1,169","1,624"
2009-03-22,22,3,2009,918,955,906,719,"1,123","1,419","1,520",908,"1,035",754,"1,111","1,186",991,"1,976","1,879","3,443","1,913","1,690","1,082","1,628"
2009-04-07,7,4,2009,903,854,808,859,"1,047","2,493","1,604",199,"1,185",940,"1,292","1,503","1,158","2,148","2,300","2,373","1,975","2,029","1,300","1,670"
2009-04-23,23,4,2009,847,900,887,585,"1,175","1,749","1,521","1,077","1,215",736,"1,108","1,422","1,112","3,075","3,312","2,757","2,711","2,593","1,403","1,669"
2009-05-09,9,5,2009,926,911,950,739,"1,088","1,523","1,742",944,"1,073",842,"1,066","1,323","1,178","3,056","3,305","2,304","2,701","2,619","1,258","1,760"
2009-05-25,25,5,2009,879,851,905,666,"1,104","1,430","2,283",931,"1,043",873,"1,085","1,354","1,222","3,477","3,293","2,163","2,107","2,591","1,228","1,482"
2009-06-10,10,6,2009,888,771,871,789,"1,017","1,760","2,124",864,"1,011",849,"1,041","1,213","1,122","2,420","2,565","2,188","2,610","2,197","1,192","1,570"
2009-06-26,26,6,2009,876,840,792,754,"1,095","1,386","1,509",889,"1,078",769,"1,106","1,251","1,050","2,234","1,828","2,358","1,792","2,007","1,198","1,530"
2009-07-12,12,7,2009,816,777,883,680,"1,033","1,400","1,374",851,"1,042",744,"1,006","1,151","1,065","1,923","1,717","1,650","2,271","1,785","1,091","1,575"
2009-07-28,28,7,2009,798,817,878,666,"1,126","1,467","2,141",868,"1,011",987,"1,029","1,118","1,290","1,820","1,698","2,084","1,810","2,066","1,061","1,429"
2009-08-13,13,8,2009,885,836,948,744,"1,095","1,865","1,234",943,"1,019",806,"1,084","1,156","1,004","1,726","1,765","1,670","1,790","1,468","1,169","1,327"
2009-08-29,29,8,2009,879,832,928,764,"1,011","1,584","1,321",894,952,817,993,"1,187",968,"1,896","1,907","1,795","1,798","2,009","1,186","1,438"
2009-09-14,14,9,2009,898,904,937,758,"1,127","1,409","1,583",919,"1,079",848,994,"1,091",991,"1,755","1,845","2,028","1,926","1,629","1,170","1,442"
2009-09-30,30,9,2009,868,767,983,685,"1,057","1,619","1,745",812,971,587,963,927,946,"1,664","1,985","1,466","1,950","1,805","1,188","1,466"
2009-10-16,16,10,2009,868,696,873,690,960,"1,315","1,725",835,"1,019",675,979,"1,007",980,"1,787","2,105","1,069","2,113","1,715","1,196","1,366"
2009-11-01,1,11,2009,809,859,877,683,972,"1,311","1,581",821,944,704,"1,010","1,042",891,"1,336","1,667","1,783","1,302","1,657","1,130","1,366"
2009-11-17,17,11,2009,948,854,406,816,993,"2,497","1,918","1,022","1,038",695,984,"1,112","1,270","3,200","2,309","1,829","2,462","1,989","1,291","1,865"
2009-12-03,3,12,2009,"2,912","1,252","1,056",586,"1,031","1,422","1,959",809,"1,371",684,"1,028","1,186","1,041","2,595","2,997","1,346","2,623","1,981","1,182","1,714"
2009-12-19,19,12,2009,"1,334",947,982,446,980,"2,979","1,621",990,"1,432",785,"1,059","1,554","1,202","2,767","2,460","1,076","2,816","2,382","1,421","1,938"
2010-01-01,1,1,2010,"4,137","2,554","2,745",918,"1,501","3,935","2,512","2,278",952,486,"2,392","1,815","1,706","4,863","4,708","2,154","2,252","2,411","1,993","3,472"
2010-01-17,17,1,2010,"2,743","2,643","1,478",871,"1,492","2,542","2,713","1,510","1,602","1,036","2,191","1,804","1,994","6,284","4,172","3,096","2,573","3,397","2,215","3,570"
2010-02-02,2,2,2010,"1,479","1,229","1,231",777,"1,391","2,360","2,163","1,938","1,531",838,"1,802","1,622","1,675","4,870","3,914","2,912","2,359","3,831","2,567","2,971"
2010-02-18,18,2,2010,"1,448","1,064","1,166",667,"1,569","1,830","2,078","1,758","1,998",865,"1,855","1,649","1,935","5,545","3,497","2,751","3,989","3,804","2,089","2,674"
2010-03-06,6,3,2010,"1,594","1,301","1,624",867,"1,990","2,588","2,481","1,500","3,262",662,"2,357","1,921","2,097","3,934","4,576","2,757","3,419","4,000","2,274","3,176"
2010-03-22,22,3,2010,"2,651","2,273","1,752",979,"1,639","6,111","2,695","2,352","3,249",998,"4,482","2,153","2,659","5,047","3,775","3,600","1,952","4,441","3,030","4,221"
2010-04-07,7,4,2010,"1,420","1,798","1,527","2,918","1,690","3,871","3,445","1,388","3,910","1,196","2,569","2,223","2,556","6,860","6,635","3,798","3,792","4,970","2,760","3,825"
2010-04-23,23,4,2010,"1,343","1,048","1,341","2,070","2,100","3,105","2,659","1,408","3,263",866,"2,181","2,077","2,171","4,302","6,061","4,578","4,217","3,506","2,633","1,552"
2010-05-09,9,5,2010,"1,264","1,354","1,524","1,464","1,756","3,819","2,778","1,417","2,380",872,"2,104","2,021","1,995","3,869","4,581","5,278","3,350","4,249","1,937","2,650"
2010-05-25,25,5,2010,"1,079","1,086","1,069","1,129","1,431","2,336","2,333","1,022","1,930",927,"1,846","1,982","2,462","3,545","3,523","4,703","3,897","4,160","1,836","2,233"
2010-06-10,10,6,2010,"1,149",953,"1,069",944,"1,331","1,448","1,903","1,142","1,874",810,"1,683","1,927","1,479","3,344","3,107","3,375","3,352","3,277","1,676","2,167"
2010-06-26,26,6,2010,"1,001","1,028","1,019",899,"1,216","1,744","1,785",876,"1,784","1,058","1,418","1,661","1,500","2,571","1,414","2,418","1,408","2,722","1,566","2,206"
2010-07-12,12,7,2010,"1,034","1,051","1,227","1,083","1,253","1,670","2,057",966,"1,482","1,081","1,680","1,680","1,783","2,710","2,582","3,324","2,544","2,483","1,535","1,690"
2010-07-28,28,7,2010,"1,010",958,976,784,"1,273","1,558","1,748",983,"1,495","1,132","1,369","1,450","1,589","2,658","2,717","2,998","3,211","2,775","1,385","1,812"
2010-08-13,13,8,2010,961,999,"1,029",880,"1,280","1,727","1,563",967,"1,345","1,011","1,351","1,567","1,463","2,739","2,464","2,434","2,619","2,340","1,489","1,862"
2010-08-29,29,8,2010,963,969,"1,011",849,"1,220","1,981","1,678","1,038","1,336","1,096","1,299","1,431","1,438","3,075","2,459","2,404","2,950","2,527","1,437","1,742"
2010-09-14,14,9,2010,964,822,"1,013",778,"1,322","1,576","1,885",993,"1,270","1,001","1,340","1,557","1,437","3,179","2,644","2,547","2,287","2,186","1,448","1,657"
2010-09-30,30,9,2010,934,906,"1,023",913,"1,264","2,367","1,626",974,"1,261","1,039","1,355","1,461","1,506","2,890","2,517","2,166","2,578","2,498","1,449","1,832"
2010-10-16,16,10,2010,947,854,950,799,"1,226","1,617","2,010",918,"1,292",845,"1,184","1,332","1,297","3,058","2,004","2,603","2,613","2,431","1,571","1,818"
2010-11-01,1,11,2010,987,"1,269","1,024",877,"1,434","1,843","2,164","1,328","1,290",985,"1,554","1,411","1,260","4,079","2,876","2,200","2,772","2,875","1,511","1,666"
2010-11-17,17,11,2010,"1,833","1,104","1,235","1,815","1,305","2,203","2,159","1,118",619,954,"1,677",725,"1,502","3,886","2,953","2,377","3,847","3,336","1,606","1,364"
2010-12-03,3,12,2010,"1,870","1,668","2,031","1,923","1,725","2,274","2,537","1,547","1,175",866,"1,966","1,691","1,607","3,717","3,279","3,081","2,843","2,879","1,199","1,947"
2010-12-19,19,12,2010,"1,253","1,396","1,478","2,286","1,756","2,160","1,903","1,242",640,884,"1,967","1,450","1,649","3,723","3,049","3,099","2,930","3,630","1,342","1,772"
2011-01-01,1,1,2011,"1,056","1,064","1,056","1,300","1,328","1,911","1,809","1,410","1,130",981,"1,488","1,466","1,262","4,058","4,200","4,280","2,883","2,861","1,331","1,640"
2011-01-17,17,1,2011,996,"1,087","1,132",951,"1,378","2,959","1,989","1,021","1,150",898,"1,429","1,462","1,278","3,686","3,094","3,624","3,242","3,058","1,437","1,884"
2011-02-02,2,2,2011,"1,116",855,"1,121",888,"1,402","2,590","1,839",915,"1,211",939,"1,266","1,390","1,348","2,630","2,804","2,869","2,474","2,625","1,167","1,731"
2011-02-18,18,2,2011,"1,505","1,172","1,921","1,233","1,531","2,496","1,913",917,"1,505",804,"1,365","1,395","1,581","3,009","2,617","2,190","2,463","2,513","1,224","1,476"
2011-03-06,6,3,2011,"1,084","1,336","1,484","1,463","1,468","1,956","1,811",941,"1,044",-1,"1,397","1,476","1,489","1,057","2,749","3,305","2,523","2,415","1,327","1,664"
2011-03-22,22,3,2011,"2,203","2,693","2,479","4,015","2,109","2,344","2,386","1,335","1,509",921,"2,485","1,483","2,159","4,402","3,861","3,498","2,034","3,219","1,530","2,324"
2011-04-07,7,4,2011,"1,844","1,744","2,179","2,602","1,510","2,058","2,389","1,405","1,819",759,"1,841","1,702","1,872","4,352","3,533","3,979","2,839","3,566","2,486","2,584"
2011-04-23,23,4,2011,"1,332","1,456","1,905","1,766","1,126","3,739","2,410","1,056","1,298",917,"1,456","1,268","1,660","2,774","3,598","4,683","2,518","3,217","1,403","1,986"
2011-05-09,9,5,2011,"1,250",982,"1,612","1,138","1,269","1,865","2,936","1,086","1,570","1,133","1,464","1,459","1,540","3,030","3,462","5,556","2,980","3,219","1,585","2,114"
2011-05-25,25,5,2011,"1,021",980,"1,180","1,324","1,311","3,029","2,198",984,"1,254",919,"1,355","1,310","1,572","3,516","2,825","4,708","2,748","2,689","1,540","1,908"
2011-06-10,10,6,2011,"1,030","1,071","1,111","1,052","1,433","1,645","2,105","1,013","1,221",983,"1,230","1,407","1,381","3,053","2,582","2,015","2,336","2,007","1,354","1,965"
2011-06-26,26,6,2011,965,"1,163","1,070",976,"1,147","2,294","1,773",918,"1,121","1,012","1,265","1,273","1,403","3,101","2,587","2,134","1,865","2,304","1,573","1,903"
2011-07-12,12,7,2011,935,949,"1,065","1,028","1,178","1,698","1,817",934,"1,105","1,033","1,324","1,278","1,224","2,124","2,778","2,090","2,076","2,164","1,444","1,737"
2011-07-28,28,7,2011,"1,063","1,002","1,070","1,025","1,212","1,835","2,128","1,146","1,201",921,"1,258","1,291","1,277","2,902","2,163","3,113","2,152","2,201","1,400","1,795"
2011-08-13,13,8,2011,"1,074","1,054","1,141","1,378","1,303","1,785","1,838",940,"1,161","1,042","1,254","1,188","1,292","2,054","2,220","2,695","2,275","2,319","1,466","2,119"
2011-08-29,29,8,2011,994,911,997,873,"1,180","1,853","1,906",951,727,998,"1,130","1,169","1,179","2,483","2,277","1,991","1,856","2,070","1,291","1,537"
2011-09-14,14,9,2011,891,914,961,849,"1,178","1,547","1,608",926,"1,162",915,"1,164","1,241","1,179","2,872","2,095","2,067","2,279","1,854","1,180","1,527"
2011-09-30,30,9,2011,"1,003",948,"1,042","1,040","1,409","1,884","1,478",929,"1,231",934,882,"1,316","1,281","2,598","2,389","2,435","2,378","1,803","1,494","1,727"
2011-10-16,16,10,2011,920,890,985,922,"1,217","1,677","1,592",954,"1,056",918,"1,070","1,187","1,171","2,982","2,422","1,839","2,482","2,029","1,135","1,417"
2011-11-01,1,11,2011,892,977,"1,136",970,"1,074","1,688","1,361",851,"1,137",807,"1,202","1,247","1,190","2,363","2,038","2,941","2,253","2,094","1,319","1,821"
2011-11-17,17,11,2011,"1,016",644,"2,195","1,480","1,089","3,230","2,854","1,517","1,220",891,"1,219","1,617","1,326","2,391","2,600","1,210","2,645","3,112","1,963","2,109"
2011-12-03,3,12,2011,"1,928","1,077","2,397","2,709","1,608","4,254","2,505","1,429","1,068",778,"2,278","1,483","1,589","4,771","5,111","3,227","2,839","3,972","1,293","1,905"
2011-12-19,19,12,2011,"1,399",991,"1,514","1,516","1,446","2,161","3,015","1,090","1,054",829,"1,661","1,491","1,826","4,965","4,080","6,256","3,434","3,505","1,314","2,101"
2012-01-01,1,1,2012,"1,102",893,"1,435","1,092","1,199","1,951","2,033",979,"1,058",878,"1,431","1,415","1,500","4,430","3,478","2,374","3,200","2,883","1,437","1,977"
2012-01-17,17,1,2012,"1,071",896,"1,115",891,"1,183","2,191","2,251",939,"1,010",825,"1,274","1,342","1,358","3,752","3,043","2,953","2,771","2,746","1,368","1,808"
2012-02-02,2,2,2012,"1,085",920,"1,089",833,"1,154","1,606","1,887",927,"1,053",873,"1,211","1,199","1,318","3,658","2,560","3,196","2,564","2,698","1,307","1,597"
2012-02-18,18,2,2012,"1,090",974,"1,046",851,"1,254","1,725","2,306",893,"1,170",909,"1,364","1,448","1,557","3,204","2,676","2,000","2,295","2,252","1,580","1,907"
2012-03-05,5,3,2012,"1,355","1,076","1,057",803,"1,151","2,721","1,829","1,037","1,011",851,"1,415","1,455","1,484","4,197","3,097","3,748","2,676","2,563","1,546","2,173"
2012-03-21,21,3,2012,"1,008",927,972,887,"1,194","1,868","2,107",949,"1,092",865,"1,310","1,397","1,445","3,031","2,651","2,211","2,510","2,725","1,258","1,985"
2012-04-06,6,4,2012,592,847,794,782,"1,114","1,708","2,145","1,186","1,102",804,"1,432","1,571","1,641","4,343","3,295","3,647","3,535","2,944","1,907","2,525"
2012-04-22,22,4,2012,"2,500","2,021","2,608","1,260","1,826","2,135","2,913","1,869","1,350",297,"2,379","2,108","2,259","4,301","4,206","3,872","2,909","3,083","2,647","2,640"
2012-05-08,8,5,2012,"2,126","1,799","2,708","2,888","2,347","2,618","3,535","2,639","2,477",396,"2,208","1,884","2,778","5,600","4,646","4,581","3,198","4,510","2,005","2,923"
2012-05-24,24,5,2012,"1,742","2,186","2,761","3,308","2,061","3,153","3,113","2,162","3,025",686,"1,883","1,757","2,074","4,679","4,890","2,850","3,781","3,242","2,143","2,582"
2012-06-09,9,6,2012,"1,320","1,405","1,862","1,726","1,970","1,877","2,322","1,617","2,597",840,"1,582","1,683","1,691","4,041","3,626","3,259","2,777","3,234","1,379","2,147"
2012-06-25,25,6,2012,"1,224","1,266","1,690","1,219","1,500","2,086","2,626","1,234","2,252","1,017","1,415","1,437","1,544","4,110","3,424","3,398","3,164","3,068","1,669","1,975"
2012-07-11,11,7,2012,"1,157","1,159","1,452","1,009","1,366","1,865","2,069","1,240","1,876","1,056","1,448","1,422","1,458","3,282","3,189","2,764","2,620","2,527","1,576","1,735"
2012-07-27,27,7,2012,"1,093","1,137","1,316",926,"1,375","1,834","1,726","1,170","1,574","1,021","1,281","1,289","1,515","3,056","2,591","2,891","2,342","2,849","1,574","1,655"
2012-08-12,12,8,2012,"1,412","1,297","1,514","1,234","1,047","2,593","1,640","1,043",641,900,"1,265","1,223","1,195","2,835","3,111","2,234","2,486","2,286","1,427","1,862"
2012-08-28,28,8,2012,"1,050","1,047","1,251",967,"1,321","2,167","1,833","1,129","1,488",832,"1,231","1,332","1,275","2,616","2,834","2,854","1,855","2,131","1,368","1,410"
2012-09-13,13,9,2012,991,901,"1,126",780,"1,239","1,668","1,795","1,037","1,319",888,"1,228","1,244","1,231","2,869","2,576","1,657","2,172","2,221","1,264","1,609"
2012-09-29,29,9,2012,"1,022",879,"1,159",977,"1,275","2,323","1,698","1,021","1,301",877,"1,148","1,234","1,153","2,557","3,197","1,839","1,823","2,176","1,257","1,448"
2012-10-15,15,10,2012,"1,062",883,"1,090",724,"1,137","1,499","2,103",963,"1,248",845,"1,179","1,221","1,143","2,682","2,535","2,239","1,949","2,487","1,147","1,595"
2012-10-31,31,10,2012,956,906,"1,127",792,"1,425","1,399","2,103","1,287","1,434",667,"1,417","1,258","1,175","3,069","2,807","2,208","2,003","2,672","1,495","1,785"
2012-11-16,16,11,2012,856,807,"1,015",795,882,"2,089","1,830","1,174","1,593",927,"1,390","1,381","1,401","6,105","3,646","1,550","1,779","2,930","1,586","1,911"
2012-12-02,2,12,2012,812,735,"1,198","1,026","1,458","1,541","1,126","1,060","1,336",987,"1,303","1,307","1,293","5,652","1,207","2,265","3,126","2,854","1,331","1,843"
2012-12-18,18,12,2012,"1,127","1,077","1,549",856,"1,200","1,637","2,174","1,359","1,289",733,"1,464","1,592","1,396","4,983","3,587","2,196","2,796","2,874","1,523","2,008"
2013-01-01,1,1,2013,"2,380","2,056","1,916","1,342","1,851","3,850","2,630","2,050","1,698",799,"2,408","2,105","2,085","4,474","4,543","2,609","3,191","3,059","2,314","3,110"
2013-01-17,17,1,2013,"1,438","1,197","1,234",852,"1,463","1,883","2,723","1,287","1,715",850,"2,076","1,559","1,799","5,102","3,827","2,976","2,779","2,914","1,814","2,724"
2013-02-02,2,2,2013,"1,773","1,224","1,623","1,663","1,646","2,294","2,867","1,123","1,843",815,"1,697","1,574","2,055","4,000","3,822","2,999","2,494","2,852","2,002","2,734"
2013-02-18,18,2,2013,"1,069",942,"1,064","1,237","1,277","2,809","2,389","1,078","1,432",829,"1,634","1,482","2,060","3,808","3,007","3,465","2,642","2,883","1,541","2,095"
2013-03-06,6,3,2013,"1,182",747,"1,267",636,"1,231","2,045","2,127",566,"1,410",830,"1,524","1,780","1,470","4,632","3,418","2,552","2,825","2,959","1,346","1,861"
2013-03-22,22,3,2013,"1,937","1,684","1,262",952,"2,069","2,323","2,266","1,627","1,994",972,"2,548","1,773","1,328","5,312","3,390","2,788","2,170","3,707","1,926",931
2013-04-07,7,4,2013,"3,436","2,688","3,624",837,"2,943","3,347","2,840","2,079","1,716",344,"2,760","2,241","2,485","5,416","4,737","3,930","2,955","3,695","3,074","3,503"
2013-04-23,23,4,2013,"2,743","2,777","4,581","2,173","2,609","3,518","3,401","2,423","2,604",926,"2,624","1,831","3,766","4,195","6,449","4,268","3,136","5,183","2,905","4,097"
2013-05-09,9,5,2013,"1,535","1,667","2,175","1,247","1,681","4,559","5,520","1,643","3,105",741,"1,637","1,874","2,405","5,528","5,540","4,467","3,636","4,841","2,474","4,291"
2013-05-25,25,5,2013,"1,554","1,509","1,755",925,"1,748","3,255","2,855","1,702","2,272",801,"2,316","1,697","1,778","5,379","4,626","3,484","3,946","3,556","2,447","3,166"
2013-06-10,10,6,2013,"1,261","1,218","1,407",865,"1,567","2,447","2,445","1,474","2,005",822,"1,485","1,608","1,763","3,773","3,492","2,522","2,558","2,929","1,767","2,124"
2013-06-26,26,6,2013,"1,227","1,250","1,315",841,"1,624","3,482","3,323","1,233","2,220","1,023","1,612","1,724","1,687","2,561","3,962","3,066","2,851","2,970","1,910","2,027"
2013-07-12,12,7,2013,"1,130","1,159","1,212",722,"1,395","1,829","1,840","1,213","1,710",820,"1,393","1,399","1,507","2,379","2,246","2,454","2,269","2,939","1,618","1,976"
2013-07-28,28,7,2013,"1,138","1,108",955,749,"1,493","1,892","1,633","1,097","1,558",867,"1,539","1,467","1,369","3,432","3,057","2,239","2,166","2,973","1,670","1,874"
2013-08-13,13,8,2013,"1,070","1,012","1,156",674,"1,303","1,840","2,610","1,156","1,450",775,"1,273","1,360","1,355","2,313","2,557","2,051","2,013","2,607","1,409","1,800"
2013-08-29,29,8,2013,"1,047",942,"1,138",715,"1,289","2,706","2,053","1,041","1,464",814,"1,266","1,273","1,387","3,075","2,714","2,205","2,062","2,928","1,447","1,725"
2013-09-14,14,9,2013,"1,099","1,089","1,230",860,"1,339","1,692","1,626","1,116","1,387",771,"1,271","1,369","1,373","2,911","2,790","2,058","2,006","2,712","1,478","1,836"
2013-09-30,30,9,2013,953,861,"1,109",640,"1,386","1,646","1,800",994,"1,281",811,"1,220","1,293","1,293","3,065","2,558","4,377","2,136","2,653","1,143","1,736"
2013-10-16,16,10,2013,972,884,"1,079",660,"1,293","1,598","1,659",996,"1,349",719,"1,141","1,257","1,228","2,820","2,442","1,687","1,779","2,510","1,253","1,732"
2013-11-01,1,11,2013,"1,107",923,"1,093",688,"1,372","1,613","1,608","1,325","1,308",856,"1,221","1,221","1,314","3,618","2,736","5,640","2,872","2,119","1,231","1,660"
2013-11-17,17,11,2013,"1,474",573,"1,594",579,"1,716","1,691","1,812","1,790","1,431",696,"2,599","1,838","1,886","3,795","1,378","1,546","1,944","3,093","1,675","1,843"
2013-12-03,3,12,2013,"2,805","2,118","2,721","1,577","2,800","2,443","3,168","2,850","1,047",651,"2,322","2,233","2,462","4,947","4,869","3,451","2,762","3,888","2,199","3,561"
2013-12-19,19,12,2013,"1,836","2,292","2,537","3,350","2,527","2,952","2,752","1,878","2,112",705,"2,082","1,742","2,174","4,756","3,610","3,197","3,152","3,706","1,636","3,477"
2014-01-01,1,1,2014,"1,836","2,292","2,537","3,350","2,527","4,343","2,752","1,878","2,112",705,"1,788","1,765","2,174","5,374","4,722","3,113","2,920","3,706","1,636","3,477"
2014-01-17,17,1,2014,"1,408","1,630","2,518","1,614","1,814","2,331","2,383","1,551","1,883",854,"1,531","1,647","1,829","4,891","3,494","3,098","2,706","3,473","1,728","2,479"
2014-02-02,2,2,2014,"1,644","1,644","2,012","1,323","1,828","2,582","1,892","1,688","1,922","1,041","1,778","1,755","1,651","4,091","4,567","3,763","2,915","2,371","1,661","1,724"
2014-02-18,18,2,2014,"1,821","1,374","2,853","1,316","1,578","2,161","3,166","1,867","2,786",902,"1,828","1,799","1,858","6,003","4,617","2,762","2,512","3,311","1,717","2,447"
2014-03-06,6,3,2014,"2,525","2,203","3,306","1,504","1,701","2,947","2,816","2,475","2,350","1,186","2,545","1,850","1,976","4,608","4,322","4,557","2,308","2,883","1,932","2,598"
2014-03-22,22,3,2014,"2,287","2,435","2,888","1,232","2,440","2,632","2,580","2,166","1,985","1,088","1,896","2,059","1,962","4,947","4,314","3,587","2,377","3,062","2,077","3,449"
2014-04-07,7,4,2014,"1,794","2,030","2,815","1,886","1,714","2,375","3,411","1,516","2,374","1,076","2,826","2,349","2,748","6,691","4,739","3,072","3,195","3,610","2,538","3,509"
2014-04-23,23,4,2014,"2,285","2,356","2,760","1,362","1,628","2,335","3,131","1,361","1,934",813,"2,192","1,882","1,961","3,717","4,037","3,173","2,995","4,285","1,894","2,301"
2014-05-09,9,5,2014,"1,325","1,578","2,592",842,"1,378","2,797","3,014","1,626","2,187","1,126","2,315","1,902","2,373","4,035","2,913","4,277","2,218","3,971","2,534","2,404"
2014-05-25,25,5,2014,"1,158","1,239","1,880",813,"1,411","2,339","1,651","1,074","1,581",890,"1,735","1,644","1,780","3,428","3,174","2,943","3,149","3,516","2,023","2,250"
2014-06-10,10,6,2014,"1,280","1,155","1,680",995,"1,281","2,505","2,223","1,033","2,211","1,023",980,"1,556","1,540","3,259","2,802","3,306","2,625","2,923","2,054","2,048"
2014-06-26,26,6,2014,"1,185","1,165","1,391",754,"1,266","2,151","2,673","1,109","1,563",903,"1,327","1,337","1,393","2,464","2,499","2,299","2,324","1,913","1,451","1,884"
2014-07-12,12,7,2014,959,944,"1,223",727,"1,322","2,059","1,700",987,"1,262",956,"1,249","1,252","1,325","2,330","2,835","2,101","2,218","2,712","1,350","1,615"
2014-07-28,28,7,2014,"1,116",522,"1,370",707,"1,232","2,305","2,034","1,065","1,267",905,963,"1,222","1,345","2,808","2,955","1,940","2,023","2,712","1,533","1,660"
2014-08-13,13,8,2014,969,963,"1,162",669,"1,184","1,669","1,519","1,009","1,172",917,"1,169","1,233","1,193","2,855","2,413","2,801","2,008","2,484","1,395","1,521"
2014-08-29,29,8,2014,"1,003",965,"1,129",658,"1,350","1,499","1,649",929,"1,348","1,114","1,192","1,161","1,223","2,443","2,397","2,099","2,099","2,721","1,356","1,599"
2014-09-14,14,9,2014,932,969,"1,113",763,"1,182","1,795","1,506",988,"1,158",900,"1,174","1,248","1,210","2,209","2,133","2,229","2,139","2,658","1,409","1,629"
2014-09-30,30,9,2014,920,"1,102","1,158",764,"1,270","1,889","1,721","1,045","1,290",897,"1,235","1,214","1,467","2,982","2,738","2,340","2,052","2,774","1,350","1,757"
2014-10-16,16,10,2014,919,879,"1,158",857,"1,231","1,677","1,700",982,"1,129",799,"1,161","1,215","1,160","2,908","2,361","3,054","2,171","3,135","1,335","1,573"
2014-11-01,1,11,2014,"1,024",951,"1,118",918,"1,254","2,477","1,702",997,"1,169",344,"1,162","1,110","1,131","2,387","2,925","2,292","2,099","3,079","1,317","1,532"
2014-11-17,17,11,2014,864,805,"1,010",655,"1,194","1,461","1,608",937,"1,044",731,"1,191","1,342","1,263","2,495","2,148","2,704","2,051","2,747","1,283","1,758"
2014-12-03,3,12,2014,"1,460","1,688","2,396","1,619","1,466","1,787","2,093","1,000","1,098",812,"1,751","1,961","1,985","3,798","3,758","2,927","2,136","3,034","1,655","2,304"
2014-12-19,19,12,2014,"1,886","1,739","2,512","1,640","1,412","2,273","2,050","1,214","1,455",792,"1,730","1,735","1,953","3,477","3,504","3,392","1,910","2,983","1,650","2,391"
2015-01-01,1,1,2015,"1,407","1,502","1,936","1,073","1,339","3,150","3,194","1,076","1,212",768,"1,381","1,546","1,666","5,351","3,410","3,060","2,591","3,648","1,632","2,444"
2015-01-17,17,1,2015,996,924,"1,359",799,"1,242","2,537","2,290",956,"1,109",719,"1,727","1,502","1,515","3,605","2,996","3,303","2,666","2,421","1,507","1,955"
2015-02-02,2,2,2015,940,"1,047","1,316",759,"1,279","1,724","2,470","1,009","1,210",828,"1,312","1,405","1,321","2,771","4,166","2,647","2,794","3,268","1,350","1,821"
2015-02-18,18,2,2015,980,"1,060","1,399",745,"1,360","1,694","1,932",987,"1,364",807,"1,197","1,518","1,460","2,866","3,362","2,590","2,394","3,199","1,358","1,963"
2015-03-06,6,3,2015,905,886,"1,040",632,"1,058","2,865","1,917",940,964,811,"1,098","1,245","1,256","3,222","2,846","2,464","2,430","2,708","1,183","1,816"
2015-03-22,22,3,2015,880,945,"1,634",805,"1,181","1,813","1,601",932,"1,110",993,"1,229","1,220","1,119","3,089","2,260","4,475","2,742","3,195","1,464","1,621"
2015-04-07,7,4,2015,448,862,"1,371",741,"1,191","1,567","2,355",843,"1,118",666,"1,150","1,524","1,387","2,463","2,708","4,188","2,232","3,134","1,409","1,722"
2015-04-23,23,4,2015,"1,078",913,"1,056",753,"1,244","1,772","1,772","1,051","1,474",830,"1,019","1,195","1,565","1,391","3,630","2,729","2,668","2,881","1,373","1,805"
2015-05-09,9,5,2015,"1,260","1,274","1,681","1,000","1,561","2,167","2,080","1,226","2,298",761,"1,651","1,567","1,368","5,770","4,276","2,960","2,674","2,640","1,440","2,187"
2015-05-25,25,5,2015,"1,638","1,893","1,483",962,"1,405","4,150","4,653","1,633","1,271",706,"1,713","2,044","1,949","3,526","3,776","4,046","2,570","1,977","2,203","2,312"
2015-06-10,10,6,2015,911,968,"1,057",738,"1,276","2,442","1,559","1,008","1,508",832,"1,230","1,386","1,359","3,775","3,049","3,184","2,580","2,727","1,292","1,890"
2015-06-26,26,6,2015,927,977,"1,099",660,"1,200","2,978","1,538","1,071","1,228",865,"1,254","1,644","1,442","3,094","3,402","2,633","2,553","3,017","1,301","1,562"
2015-07-12,12,7,2015,830,852,"1,032",661,"1,192","1,564","1,787",992,"1,018",811,"1,246","1,262","1,177","2,474","2,798","3,321","2,562","2,892","1,367","1,538"
2015-07-28,28,7,2015,"1,096",821,"1,067",775,"1,094","1,309","1,901",909,"1,020",786,"1,474","1,265","1,065","3,000","3,125","2,559","2,151","2,197","1,240","1,573"
2015-08-13,13,8,2015,845,919,"1,017",743,"1,179","1,900","2,064",941,"1,175",813,"1,114","1,209","1,104","2,860","2,804","2,633","2,323","3,434","1,288","1,736"
2015-08-29,29,8,2015,843,843,893,643,"1,113","1,458","1,719",943,"1,047",804,"1,113","1,208","1,104","2,034","1,871","2,496","1,937","2,031","1,234","1,553"
2015-09-14,14,9,2015,840,833,988,693,"1,115","1,470","1,611",936,"1,009",823,"1,064","1,210","1,096","2,649","2,223","2,096","1,861","1,979","1,228","1,645"
2015-09-30,30,9,2015,914,792,970,738,"1,105","1,762","1,816",958,"1,008",800,"1,057","1,204","1,053","1,519","2,254","2,186","1,948","1,858","1,129","1,466"
2015-10-16,16,10,2015,878,858,996,751,"1,120","2,206","1,503",993,"1,115",792,"1,067","1,153","1,029","2,341","2,039","2,484","1,792","2,596","1,175","1,488"
2015-11-01,1,11,2015,829,783,"1,052",892,"1,224","1,707","1,568",993,"1,215",722,"1,070","1,301","1,225","2,483","2,763","4,411","1,878","3,034","1,290","1,727"
2015-11-17,17,11,2015,788,886,"1,092","1,112","1,704","1,631","1,748","1,865","1,226",167,"1,182","1,459","1,342","2,687","3,085","2,817","2,161","2,139","1,405","1,783"
2015-12-03,3,12,2015,"1,973","1,942","2,637",958,"2,451","3,446","2,542","1,843","1,492","1,166","1,965","2,209","2,505","5,854","4,336","3,426","3,292","1,920","1,750","2,272"
2015-12-19,19,12,2015,"1,190","1,084","1,652",846,"3,117","4,207","2,719","2,423","1,115","1,049","1,994","2,250","3,369","7,274","4,982","3,754","3,507","4,117","3,502","3,454"
2016-01-01,1,1,2016,"1,409","1,275","1,455",868,"2,204","2,814","2,079","1,773","1,454",996,"1,581","1,807","2,469","4,533","4,318","4,158","3,001","4,981","2,437","2,466"
2016-01-17,17,1,2016,"1,900","1,412","2,443",889,"2,329","3,496","3,023","2,490","2,017","1,312","2,185","2,064","3,006","4,701","4,497","3,572","3,266","4,314","3,650","4,505"
2016-02-02,2,2,2016,"1,774","1,350","2,295","1,459","2,408","2,256","3,065","2,607","3,449","1,048","2,377","2,014","2,477","4,375","4,407","3,347","3,110","5,195","2,609","3,317"
2016-02-18,18,2,2016,"1,660","1,343",693,990,"1,793","2,853","2,457","1,483","2,706",987,"1,898","1,708","2,135","4,245","3,597","3,247","2,868","3,450","2,132","2,084"
2016-03-05,5,3,2016,"1,138","1,138","1,157",932,"1,640","1,925","2,498","1,314","2,426","1,227","1,577","1,702","1,813","4,022","3,735","3,077","3,494","4,434","2,165","2,461"
2016-03-21,21,3,2016,477,960,"1,185",767,"1,382","1,645","1,672","1,208","1,863","1,020","1,497","1,554","1,608","3,678","2,970","2,713","2,580","3,327","1,682","1,953"
2016-04-06,6,4,2016,884,"1,004","2,080",913,"1,528","2,206","2,377","1,321","1,517",877,"1,294","1,783","1,486","1,940","3,515","3,127","2,793","3,297","2,135","2,233"
2016-04-22,22,4,2016,"1,298","1,167","2,598","1,563","2,212","2,615","2,419","1,337","2,619","1,322","1,722","1,861","1,663","4,656","2,327","4,093","2,896","3,466","2,916","2,460"
2016-05-08,8,5,2016,"1,704","1,609","1,913","1,674","2,280","3,080","1,684","1,396","1,515","1,545","2,453","2,230","2,656","3,713","3,867","5,186","3,033","4,498","2,995","3,544"
2016-05-24,24,5,2016,"1,048","1,252","1,574",859,"2,130","2,531","1,713","1,146","2,528","1,534","1,025","2,203","2,338","4,031","3,636","3,257","3,676","3,643","2,192","2,288"
2016-06-09,9,6,2016,"1,038","1,025","1,138",888,"1,495","2,251","2,064","1,034","1,869","1,123","1,485","1,496","1,458","3,762","2,799","2,554","2,973","3,170","1,832","1,847"
2016-06-25,25,6,2016,961,"1,005","1,109",677,"1,302","1,808","1,893","1,004","1,605","1,026","1,286","1,347","1,428","3,096","2,368","2,756","2,370","3,050","1,499","1,669"
2016-07-11,11,7,2016,947,975,"1,082",702,"1,319","2,084","1,553","1,044","1,285",895,"1,164","1,225","1,292","3,155","2,642","2,314","2,110","2,802","1,382","1,505"
2016-07-27,27,7,2016,933,769,"1,052",653,"1,181","1,572","1,783","1,021","1,307",934,"1,180","1,307","1,344","2,875","2,368","2,825","2,202","2,850","1,385","1,680"
2016-08-12,12,8,2016,916,939,"1,030",644,"1,170","1,820","1,843",980,"1,185",856,"1,137","1,168","1,187","2,473","2,216","2,310","2,092","2,499","1,293","1,587"
2016-08-28,28,8,2016,852,840,"1,083",792,"1,266","2,958","1,864","1,092","1,280",854,"1,110","1,330","1,261","2,360","2,173","2,237","2,084","2,564","1,398","1,652"
2016-09-13,13,9,2016,918,878,"1,033",599,"1,215","1,963","1,576",982,"1,200",884,"1,159","1,210","1,183","2,393","2,499","2,186","1,867","1,967","1,229","1,479"
2016-09-29,29,9,2016,903,891,"1,014",688,"1,161","1,790","1,308",990,"1,221",822,"1,117","1,264","1,141","2,743","1,841","2,412","2,102","2,871","1,251","1,537"
2016-10-15,15,10,2016,909,790,"1,033",702,"1,095","1,479","1,716",960,"1,218",804,"1,078","1,175","1,232","2,414","1,915","2,146","1,986","3,196","1,274","1,480"
2016-10-31,31,10,2016,994,932,"1,035",812,965,"2,920","1,757",956,"1,402",855,"1,144","1,448","1,246","2,464","1,008","2,374","2,331","3,251","1,321","1,752"
2016-11-16,16,11,2016,"2,174",364,"1,308",766,"1,390","1,889","2,460",691,"1,171",938,"1,381","1,243","1,174","3,240","2,545","2,450","1,542","3,768","1,264",983
2016-12-02,2,12,2016,"1,069",897,"1,077","1,261","1,315","2,283","1,593","1,094","1,332",959,"1,293","1,549","1,199","2,554","3,951","2,681","3,077","4,030","1,222","1,533"
2016-12-18,18,12,2016,874,826,"1,103",758,"1,456","3,084","1,858","1,026","1,167",907,"1,157","1,327","1,173","5,421","4,334","3,017","2,704","4,001","1,179","1,650"
2017-01-01,1,1,2017,911,826,988,758,"1,157","1,915","1,858","1,012","1,167",875,"1,157","1,151","1,173","3,562","2,961","2,122","2,704","3,890","1,179","1,650"
2017-01-17,17,1,2017,971,825,"1,015",607,"1,262","1,486","1,566",971,"1,262",926,"1,122","1,163","1,122","2,762","2,468","2,379","2,871","2,972","1,080","1,581"
2017-02-02,2,2,2017,982,886,937,693,"1,150","1,555","1,783",951,"1,238",864,"1,106","1,339","1,309","3,339","2,553","2,050","2,356","3,146","1,335","1,685"
2017-02-18,18,2,2017,"1,119",899,"1,027",878,"1,238","2,171","1,757",983,"1,164",617,"1,235","1,592","1,511","2,253","2,594","2,598","2,386","2,632","1,417","1,753"
2017-03-06,6,3,2017,912,855,969,727,"1,354","2,270","1,847","1,051","1,215",821,"1,150","1,508","1,451","3,424","2,547","2,304","1,987","2,895","1,469","1,909"
2017-03-22,22,3,2017,"1,190","1,178","1,455",786,"1,323","2,898","1,856",753,"1,316",777,"1,178","1,276","1,255","4,011","3,154","2,981","2,872","4,042","1,475","1,994"
2017-04-07,7,4,2017,736,"1,012","1,331",769,"1,338","1,840","2,055","1,002","1,141",928,"1,213","1,301","1,347","3,147","2,606","2,918","2,585","2,926","1,431","1,580"
2017-04-23,23,4,2017,"1,161","1,029","1,588",944,"1,383","1,828","1,440","1,072","1,006",963,"1,108","1,280","1,419","4,838","3,198","2,134","2,512","2,626","1,308","1,684"
2017-05-09,9,5,2017,"1,017","1,212","1,740","1,313","1,766","1,293","1,632","1,007","1,873","1,074","1,314","1,406","1,343","3,295","4,464","2,532","2,599","3,976","1,374","1,128"
2017-05-25,25,5,2017,"1,054","1,045","1,177","1,077","1,684","1,375","1,894","1,243","1,359",917,"1,382","1,374","1,314","4,282","3,899","4,357","2,464","4,020","1,324","1,643"
2017-06-10,10,6,2017,984,"1,066","1,228",822,"1,343","1,879","1,486","1,021","1,200",824,"1,454","1,293","1,272","3,661","2,884","2,989","2,733","3,139","1,199","1,677"
2017-06-26,26,6,2017,981,930,"1,099",631,"1,383","1,946","1,881",998,"1,202",865,"1,177","1,239","1,247","3,298","3,241","2,617","2,662","2,433","1,295","1,609"
2017-07-12,12,7,2017,955,879,"1,014",617,"1,195","2,783","1,501",873,"1,031",878,"1,128","1,204","1,101","2,076","2,583","2,051","1,990","2,258","1,238","1,543"
2017-07-28,28,7,2017,700,973,950,692,965,"1,868",802,"1,127",995,970,"1,687","1,096","1,198","2,090","2,536","2,112","1,623","1,869","1,174","1,570"
2017-08-13,13,8,2017,987,"1,006",954,851,"1,226","2,124","1,430","1,005","1,121",880,"1,080","1,355","1,219","1,978","2,375","2,175","2,125","2,611","1,266","1,558"
2017-08-29,29,8,2017,924,913,963,722,"1,190","1,563","1,464","1,006","1,022",817,"1,133","1,254","1,147","2,306","1,946","2,114","1,852","2,285","1,300","1,401"
2017-09-14,14,9,2017,914,893,934,695,"1,107","2,018","1,682",903,"1,088",789,"1,096","1,182","1,076","2,236","2,034","1,893","1,817","2,319","1,107","1,396"
2017-09-30,30,9,2017,873,815,949,773,"1,128","1,442","1,516",966,"1,137",853,988,"1,093",986,"1,980","1,936","2,195","1,687","1,982","1,063","1,535"
2017-10-16,16,10,2017,854,880,"1,177",705,"1,034","1,693","1,520",906,"1,005",698,984,"1,068","1,015","1,998","2,019","2,534","1,694","2,424","1,241","1,348"
2017-11-01,1,11,2017,869,921,"1,076","1,414","1,076","1,378","1,971",981,"1,235",808,"1,044","1,490","1,029","2,082","2,005","3,643","2,716","2,818","1,404","1,295"
2017-11-17,17,11,2017,913,892,"1,061",804,"1,173","1,456","1,694","1,040","1,277",740,"1,191","1,646","1,267","1,963","2,385","2,115","2,305","3,370","1,245","1,510"
2017-12-03,3,12,2017,"1,120",892,"1,185",694,"1,072","2,370","2,241","1,007","1,042",837,"1,124","1,800","1,281","1,978","2,678","2,425","2,086","1,306","1,241","1,126"
2017-12-19,19,12,2017,893,829,"1,006",793,"1,219","2,106","2,284",867,989,827,"1,046","1,321","1,312","3,567","2,752","2,340","2,160","2,960","1,201","1,550"
2018-01-01,1,1,2018,990,907,"1,413",921,"1,619","1,750","2,354","1,317","1,347",939,"1,689","1,629","1,726","2,999","3,122","2,836","2,312","3,817","1,265","2,052"
2018-01-17,17,1,2018,913,835,"1,195",758,"1,426","1,582","1,903","1,182","1,135",919,"1,403","1,442","1,509","3,734","2,560","3,354","2,724","3,775","1,346","1,968"
2018-02-02,2,2,2018,896,920,902,800,"1,325","1,602","1,715","1,119","1,005",898,"1,234","1,311","1,244","1,904","2,724","2,413","2,621","3,396","1,375","1,780"
2018-02-18,18,2,2018,873,850,990,776,"1,606","2,105","2,174","1,047","1,171",791,"1,483","1,378","1,466","2,167","2,438","1,645","2,424","2,693","1,554","1,924"
2018-03-06,6,3,2018,"1,388","1,131","1,525",893,"1,995","1,972","2,563","1,393","1,167",224,"2,491","1,593","2,647","3,542","4,390","1,811","2,399","2,252","2,474","2,700"
2018-03-22,22,3,2018,"2,759","2,480","3,338","1,736","4,108","2,941","2,916","3,962","1,315",981,"3,587","2,210","2,652","6,339","5,199","2,351","3,532","4,840","2,642","5,329"
2018-04-07,7,4,2018,"4,322","2,888","3,931","3,781","2,680","3,363","3,375","2,618","1,084","1,144","3,161","2,301","2,553","3,396","2,720","2,533","1,965","3,810","2,907","3,102"
2018-04-23,23,4,2018,"5,894","4,472","4,516","7,331","3,896","1,697","3,601","3,216","1,101","1,066","5,023","2,933","4,046","7,482","6,699","2,912","3,862","4,529","3,495","2,804"
2018-05-09,9,5,2018,"4,218","3,598","4,462","6,770","3,978","3,846","3,561","2,948","1,056",940,"4,677","3,410","3,706","5,913","6,884","2,911","5,356","4,994","4,362","4,304"
2018-05-25,25,5,2018,"2,353","2,261","2,735","3,308","3,400","3,423","3,824","1,975",769,807,"3,731","2,587","3,807","4,983","5,920","3,431","3,757","4,603","2,823","3,611"
2018-06-10,10,6,2018,"2,077","1,806","1,953","2,217","3,137","4,081","3,260","2,393",803,333,"3,332","3,789","3,062","4,898","5,424","3,117","3,709","4,860","3,162","2,959"
2018-06-26,26,6,2018,"1,446","1,455","1,337","2,088","2,119","2,532","3,222","1,528",283,284,"2,206","3,424","2,509","3,724","5,229","3,919","3,791","4,302","2,104","2,831"
2018-07-12,12,7,2018,"1,616","1,444","1,408","1,744","1,844","2,184","2,683","1,501",369,73,"1,851","2,829","1,799","4,605","3,213","3,106","3,942","3,867","2,307","2,087"
2018-07-28,28,7,2018,"1,271","1,142","1,324","1,467","1,648","2,966","1,818","1,296",291,375,"1,723","2,551","1,600","3,505","3,357","2,825","3,364","3,390","2,081","1,955"
2018-08-13,13,8,2018,"1,693","1,173","2,647","1,305","1,804","2,283","1,924","1,472",335,396,"1,824","1,952","1,563","3,541","2,893","3,227","3,697","3,265","1,947","2,173"
2018-08-29,29,8,2018,"1,172","1,096","1,373","1,442","1,540","2,261","1,857","1,223",535,380,"1,577","2,478","1,484","3,156","2,666","3,375","3,632","3,113","1,763","1,938"
2018-09-14,14,9,2018,"1,381","1,253","1,441","1,508","1,758","2,161","1,735","1,214",667,452,"1,669","2,018","1,444","2,887","2,494","3,811","3,421","3,407","1,767","1,965"
2018-09-30,30,9,2018,"1,420","1,432","1,436","1,682","1,631","3,179","1,947","1,238",643,346,"1,523","2,350","1,494","3,487","2,071","2,756","2,685","3,345","1,490","1,917"
2018-10-16,16,10,2018,917,"1,140","1,376","1,254","1,437","1,472","2,150","1,376",383,225,"1,530","2,048","1,384","2,323","2,114","3,279","2,560","2,764","1,488","1,779"
2018-11-01,1,11,2018,"1,091","1,026","1,206","1,094","1,350","1,624","1,606","1,087",9,-88,"1,335","1,593","1,215","3,082","3,293","3,041","2,716","3,339","1,487","1,709"
2018-11-17,17,11,2018,"1,267","1,133","1,308","1,184","1,253","1,772","1,601","1,274",-624,-341,"1,313","2,032","1,449","4,042","2,152","2,782","2,630","3,816","1,368","1,659"
2018-12-03,3,12,2018,"1,327","1,283","2,463",829,"1,874","2,333","3,043","1,022",-536,-511,"1,443","1,868","1,796","4,073","3,705","3,709","2,713","4,045","1,625","2,361"
2018-12-19,19,12,2018,"1,740","1,383","2,965","2,169","2,193","2,368","3,175","1,510",89,-210,"2,285","1,961","1,977","5,625","6,246","2,893","2,888","3,146","1,871","2,872"
2019-01-01,1,1,2019,"1,778","1,344","2,282","1,379","2,406","2,627","2,766","1,556","1,065",212,"1,826","2,356","1,866","7,349","4,375","2,447","3,283","4,035","1,721","2,669"
2019-01-17,17,1,2019,"1,270","1,160","1,484","1,140","1,594","3,334","2,701","1,305","2,705","1,604","1,514","1,843","1,848","4,756","3,884","4,343","3,243","4,634","1,755","2,347"
2019-02-02,2,2,2019,"1,266","1,036","1,381","1,089","1,643","2,036","2,670","1,215",889,912,"1,432","1,938","1,754","5,592","4,127","3,822","3,075","4,873","1,758","2,239"
2019-02-18,18,2,2019,996,887,"1,202","1,016","1,084","2,765","2,119","1,096",958,837,"1,499","1,699","1,476","3,851","2,937","2,887","2,923","4,146","1,572","2,022"
2019-03-06,6,3,2019,"1,011",927,"1,156",844,"1,372","2,107","1,917","1,054",827,709,"1,234","1,564","1,415","3,086","3,092","3,371","2,515","3,586","1,487","1,922"
2019-03-22,22,3,2019,970,909,"1,196",939,"1,422","2,330","2,095","1,086",886,715,"1,236","1,714","1,668","3,860","3,081","2,310","3,047","3,172","1,556","1,734"
2019-04-07,7,4,2019,938,878,"1,195",858,"1,359","1,842","2,068","1,035",895,819,"1,239","1,440","1,353","3,291","2,865","2,636","2,555","3,915","1,360","1,826"
2019-04-23,23,4,2019,"1,201","1,072","1,664",967,"1,382","3,611","2,276","1,308","1,223",879,"2,504","1,693","1,893","3,071","3,108","2,704","2,409","3,815","1,611","1,919"
2019-05-09,9,5,2019,887,"1,005","1,209","1,127","2,375","1,514","2,432","1,469","1,230","1,122","3,783","2,260","2,667","4,401","3,958","4,126","3,349","3,882","1,993","3,370"
2019-05-25,25,5,2019,923,873,"1,344",904,"1,588","1,995","2,202","1,321","1,113",769,"2,375","1,985","1,992","4,347","4,019","3,378","3,317","4,520","1,615","2,404"
2019-06-10,10,6,2019,960,986,"1,103",886,"1,457","1,885","2,939","1,255","1,591",848,"1,834","1,910","1,811","3,608","3,821","3,047","2,895","4,355","2,011","2,051"
2019-06-26,26,6,2019,965,956,"1,125",918,"1,473","2,111","2,008","1,081","1,342",921,"1,587","1,712","1,563","3,782","2,864","3,611","3,012","4,119","1,696","1,921"
2019-07-12,12,7,2019,923,870,"1,029",824,"1,073","1,974","1,645","1,052","1,118",658,"1,357","1,498","1,332","2,387","2,535","2,085","2,697","2,351","1,310","1,790"
2019-07-28,28,7,2019,944,887,"1,115",849,"1,236","1,636","2,589","1,037","1,181",785,"1,350","1,297","1,316","2,651","2,722","2,305","2,434","2,905","1,370","1,770"
2019-08-13,13,8,2019,969,857,965,761,"1,195","1,680","1,780","1,030","1,079",738,"1,315","1,456","1,108","2,992","2,447","2,350","2,625","3,143","1,327","1,786"
2019-08-29,29,8,2019,995,979,"1,125",958,"1,176","1,892","2,277","1,055",910,704,"1,348","1,345","1,323","2,453","2,584","2,214","2,095","2,812","1,262","1,607"
2019-09-14,14,9,2019,850,878,"1,018",794,"1,297","1,781","1,669",946,853,798,"1,193","1,351","1,200","2,619","2,070","2,118","1,942","2,524","1,324","1,554"
2019-09-30,30,9,2019,888,958,"1,957",820,"1,244","2,774","1,333",973,889,842,"1,415","1,438","1,324","2,705","2,009","2,321","2,168","2,447","1,262","1,653"
2019-10-16,16,10,2019,"1,646","1,705","1,951",921,"1,467","2,087","2,203","1,149",970,862,"1,541","1,391","1,360","4,285","3,089","2,455","2,055","3,724","1,397","1,752"
2019-11-01,1,11,2019,"1,611",998,"1,913","1,098","2,244","1,541","1,739","1,162","1,142",870,"1,509","1,680","1,392","3,869","3,321","2,361","2,606","2,552","1,205","1,823"
2019-11-17,17,11,2019,"4,005","3,603",774,"2,860","1,612","1,801","2,125","1,887",621,"1,001","2,243","2,493","2,198","4,685","5,703","2,431","3,114","3,524","1,869","3,155"
2019-12-03,3,12,2019,"3,544","3,649","4,018","6,365","2,747","3,751","3,464","2,981","1,347","1,540","3,655","2,707","3,338","6,364","6,397","2,781","1,987","4,874","3,595","5,470"
2019-12-19,19,12,2019,"3,214","3,790","3,908","4,930","2,110","5,681","2,464","1,266","1,288","1,198","3,515","2,105","3,505","6,443","4,496","2,377","3,555","4,452","4,071","5,923"
2020-01-01,1,1,2020,"3,457","3,611","4,114","6,127","2,886","5,681","3,591","2,205","1,146","1,126","3,647","3,283","1,373","5,420","5,314","3,771","3,284","4,646","3,144","5,002"
2020-01-17,17,1,2020,"2,946","2,274","3,104","6,713","3,014","4,033","3,487","2,138","1,046","1,239","3,574","3,661","2,803","6,289","5,232","3,809","3,199","4,802","3,081","4,601"
2020-02-02,2,2,2020,"3,299","2,642","3,662","7,035","3,126","3,607","4,160","2,127","1,258","1,222","3,289","3,526","2,855","4,419","5,608","3,859","3,650","4,651","2,773","4,565"
2020-02-18,18,2,2020,"2,881","2,410","3,376","6,623","2,102","2,575","3,189","2,193","1,177","1,133","3,099","3,114","2,361","4,498","3,888","3,331","3,632","4,353","2,245","3,413"
2020-03-05,5,3,2020,"2,550","2,194","2,390","5,490","2,872","2,662","2,798","2,254","1,122",728,"2,742","2,646","2,086","4,371","4,130","3,144","3,291","4,207","1,867","2,608"
2020-03-21,21,3,2020,"1,897","1,660","1,655","4,673","2,600","2,947","2,830","1,864",895,516,"2,333","2,536","2,099","3,823","4,603","5,255","3,627","4,696","2,960","3,478"
2020-04-06,6,4,2020,"2,510","2,139","3,099","3,266","3,768","2,544","3,567","2,353",734,642,"3,055","3,548","2,409","4,995","4,646","4,514","3,535","4,650","2,697","3,333"
2020-04-22,22,4,2020,"3,005","2,318","1,856","5,291","3,136","3,639","3,204","2,975",835,396,"2,645","2,932","2,592","4,724","5,525","5,278","3,422","5,793","3,087","3,410"
2020-05-08,8,5,2020,"2,452","2,316","2,503","3,655","2,784","4,612","3,497","2,408",257,94,"2,182","3,036","2,052","5,138","5,388","4,514","3,699","4,357","2,798","3,417"
2020-05-24,24,5,2020,"2,098","1,518","1,567","2,806","1,813","2,891","2,115","1,816",202,-66,"1,395","2,792","1,921","4,867","4,259","3,364","3,009","4,010","2,140","2,454"
2020-06-09,9,6,2020,"1,706","1,366","1,642","2,342","1,651","2,076","2,173","1,470",-146,303,"1,669","2,120","1,493","3,551","3,203","3,928","3,553","3,713","1,765","2,211"
2020-06-25,25,6,2020,"1,471","1,254","1,261","1,979","1,572","2,830","2,108","1,212",-650,-713,"1,657","2,371","1,475","3,524","3,468","3,777","3,593","3,603","1,743","2,196"
2020-07-11,11,7,2020,"1,299","1,187","1,305","1,768","1,643","2,468","2,036","1,357",393,"1,077","1,446","1,817","1,486","4,006","2,821","3,309","3,404","3,286","1,847","2,011"
2020-07-27,27,7,2020,"1,323","1,136","1,271","1,745","1,514","2,677","2,545","1,175","1,122","1,258","1,396","1,814","1,364","3,592","3,224","3,689","2,827","3,216","1,594","2,009"
2020-08-12,12,8,2020,"1,304","1,219","1,293","1,808","1,476","2,210","1,984","1,277","1,750","2,724","1,443","1,770","1,527","3,252","2,530","2,771","3,572","3,108","1,691","1,756"
2020-08-28,28,8,2020,"1,175","1,109","1,312","1,528","1,465","1,880","2,010","1,194","1,222",919,"1,504","1,658","1,341","3,162","2,444","2,764","2,435","3,162","1,591","1,964"
2020-09-13,13,9,2020,"1,198","1,203","1,296","1,793","1,536","2,047","1,702","1,186",955,"1,070","1,460","1,765","1,334","3,042","2,086","2,260","3,348","3,633","1,497","1,774"
2020-09-29,29,9,2020,"1,067","1,157","1,184","1,653","1,529","2,143","2,036","1,143",852,896,"1,328","1,765","1,284","2,816","2,541","2,413","3,222","3,298","1,543","1,844"
2020-10-15,15,10,2020,"1,084","1,343","1,206","2,123","1,377","1,684","1,936","1,144",823,764,"1,290","1,908","1,286","2,128","2,715","2,386","2,597","3,333","1,570","1,830"
2020-10-31,31,10,2020,"1,016","1,073","1,312","1,588","1,556","1,774","2,146",966,"1,057",823,"1,282","1,220","1,344",799,"2,443","3,598","2,835","3,166","1,520","1,520"
2020-11-16,16,11,2020,"1,091","1,068","1,320","1,361","1,431","2,507","2,051","1,252","1,056",795,"1,709","2,267","1,403","4,971","3,794","2,512","3,057","3,934","1,386","1,832"
2020-12-02,2,12,2020,"1,329","1,217","1,729","1,294","1,353","2,546","2,172","1,180","1,042",845,"1,741","2,019","1,815","3,096","3,485","3,992","3,175","4,928","1,956","2,733"
2020-12-18,18,12,2020,"1,266","1,276","1,801","1,339","1,520","2,007","2,156","1,090",887,574,"1,463","1,979","1,593","5,400","2,787","3,414","2,564","4,308","1,816","2,244"
2021-01-01,1,1,2021,"1,045",957,"1,222","1,256","1,931","1,760","2,055","1,103",932,823,"1,731","1,857","1,482","4,716","4,189","3,056","2,810","4,032","1,524","2,010"
2021-01-17,17,1,2021,"1,279","1,457","1,806","1,164","1,745","1,472","2,496","1,099",974,726,"1,575","1,873","1,353","3,837","3,034","3,341","2,841","3,624","1,315","1,769"
2021-02-02,2,2,2021,"2,315","2,235","1,389","1,090","1,358","1,948","1,519",988,857,"1,270","2,793","1,706","1,310","5,647","4,209","2,766","2,407","3,403","1,317","1,766"
2021-02-18,18,2,2021,"1,911","2,394","2,681","1,492","2,793","2,715","2,636","2,197","1,144","1,111","3,792","2,350","2,428","4,414","4,379","3,023","2,937","5,312","1,913","3,813"
2021-03-06,6,3,2021,"1,565","1,659","1,827","1,604","1,988","3,922","2,566","1,586","1,250",959,"2,973","2,176","2,363","4,222","3,812","3,152","3,846","4,911","2,449","3,253"
2021-03-22,22,3,2021,"1,434","1,323","1,515","1,389","1,858","1,931","2,560","1,386","1,236",784,"2,094","1,998","1,869","5,473","3,276","3,389","3,833","4,091","2,024","2,954"
2021-04-07,7,4,2021,"2,167","1,901","2,237",856,"3,159","3,235","5,360","1,943","2,916","1,093","2,958","2,126","2,328","5,584","3,871","4,150","3,493","4,233","3,118","4,605"
2021-04-23,23,4,2021,"1,501","1,364","1,202","1,369","3,165","2,885","2,512","1,906","1,967","1,017","1,583","2,175","2,520","4,884","3,859","3,585","2,218","4,910","3,881","3,861"
2021-05-09,9,5,2021,"1,777","1,676","3,552","2,453","3,739","3,178","4,018","2,397","2,858","1,284","3,008","2,347","2,780","3,961","5,351","2,266","3,718","4,482","3,344","4,237"
2021-05-25,25,5,2021,"2,409","1,885","2,124","1,517","2,396","3,968","3,733","2,417","2,632","1,099","2,430","2,225","2,188","5,342","3,151","3,132","3,169","4,693","3,142","3,272"
2021-06-10,10,6,2021,"1,395","1,234","1,500","1,199","1,778","2,930","2,512","1,411","1,977",976,"1,882","1,660","1,739","3,774","3,379","4,270","3,332","3,503","1,983","2,186"
2021-06-26,26,6,2021,"1,457","1,391","1,539","1,268","1,845","1,884","2,610","1,471","1,686","1,093","1,775","1,377","1,085","3,309","3,959","3,118","2,759","3,451","1,844","2,384"
2021-07-12,12,7,2021,"1,045","1,080","1,098","1,048","1,378","1,606","2,036","1,146","1,517",927,"1,465","1,530","1,294","2,651","2,417","2,542","2,830","3,273","1,644","1,741"
2021-07-28,28,7,2021,872,"1,040","1,096","1,107","1,311","1,918","1,986","1,104","1,328","1,042","1,279","1,542","1,333","3,165","2,460","2,814","2,273","2,764","1,579","1,734"
2021-08-13,13,8,2021,"1,058",970,"1,148","1,154","1,419","2,353","2,411","1,088","1,294","1,122","1,423","1,453","1,318","2,932","2,505","2,427","2,568","2,690","1,547","1,801"
2021-08-29,29,8,2021,900,"1,111","1,203","1,012","1,230","2,053","2,539","1,189","1,128","1,194","1,527","1,526","1,332","1,953","2,918","2,515","2,455","2,702","1,437","1,614"
2021-09-14,14,9,2021,"1,086",956,"1,103","1,112","1,299","1,647","2,007","1,078","1,236","1,016","1,250","1,625","1,308","2,610","2,266","2,941","2,406","3,112","1,586","1,842"
2021-09-30,30,9,2021,970,935,"1,086","1,007","1,262","1,672","1,806","1,113","1,190",935,"1,201","1,503","1,274","2,708","1,938","2,743","2,454","2,974","1,494","1,672"
2021-10-16,16,10,2021,937,947,"1,096","1,053","1,255","1,973","1,726","1,093","1,116",966,"1,266","1,465","1,242","2,477","2,594","2,838","2,361","3,299","1,342","1,589"
2021-11-01,1,11,2021,"1,055","1,011","1,167","1,158","1,398","1,713","1,996","1,114","1,168","1,014","1,278","1,660","1,313","2,250","2,434","3,141","2,330","3,274","1,350","1,530"
2021-11-17,17,11,2021,992,987,"1,083","1,128","1,424","1,722","1,829","1,045","1,029","1,021","1,231","1,396","1,241","2,759","1,980","2,467","2,076","2,761","1,419","1,749"
2021-12-03,3,12,2021,"1,360","1,061",990,914,"1,340","1,628","1,735","1,371","1,218",649,"1,250","1,592","1,019","2,559","2,485","2,059","1,519","1,929","1,650","1,864"
2021-12-19,19,12,2021,"2,299","2,465","2,761","3,400","1,818","2,281","2,675","2,131","1,051",867,"1,742","1,619","1,512","5,767","4,160","2,787","1,724","4,389","1,508","2,188"
2022-01-01,1,1,2022,"2,276","2,465","2,478","2,289","1,419","4,622","2,061","1,891","1,007",790,"2,146","1,612","1,546","3,155","2,680","3,344","2,679","4,110","1,398","1,925"
2022-01-17,17,1,2022,"1,208","1,247","1,724","1,672","1,680","2,230","2,487","1,771","1,067",849,"1,878","1,827","1,903","5,620","4,075","3,569","3,288","4,597","1,784","2,641"
2022-02-02,2,2,2022,960,981,"1,191","1,473","1,267","1,862","2,054","1,127","1,034",688,"1,331","1,549","1,551","3,998","3,700","3,605","3,198","3,618","1,568","2,165"
2022-02-18,18,2,2022,"1,154","1,112","1,076",962,"1,536","2,043","2,024","1,259","1,131",829,"1,542","1,714","1,758","3,346","3,005","3,872","3,003","3,412","1,482","2,065"
2022-03-06,6,3,2022,"1,111","1,004","1,071","1,023","1,376","2,059","2,032","1,160",915,824,"1,596","1,745","1,733","3,296","3,177","3,899","3,094","3,829","1,225","1,982"
2022-03-22,22,3,2022,842,"1,091","1,132","1,144","1,366","1,921","1,876","1,101",989,869,"1,351","1,611","1,568","2,491","2,329","2,467","2,868","2,951","1,260","1,836"
2022-04-07,7,4,2022,"1,010",911,"1,066","1,112","1,323","1,695","1,866","1,037","1,214",880,"1,374","1,438","1,322","2,552","3,073","3,176","2,550","2,557","1,319","1,836"
2022-04-23,23,4,2022,895,906,883,893,"1,556","2,197","2,086","1,335","1,126",956,"1,296","1,727","1,323","3,517","3,296","2,377","3,048","4,118","1,496","1,991"
2022-05-09,9,5,2022,894,916,"1,226","1,078","1,476","1,836","2,046","1,308",934,860,"1,293","1,480","1,575","2,631","3,192","3,792","2,740","2,829","1,571","2,064"
2022-05-25,25,5,2022,932,912,"1,017","1,038","1,344","1,865","1,891","1,095",982,841,"1,282","1,554","1,399","3,669","2,735","2,541","2,285","4,017","1,335","1,844"
2022-06-10,10,6,2022,909,987,903,837,"1,425","1,778","1,739",759,924,973,"1,247","1,440","1,396","2,430","2,587","2,851","2,103","3,586","1,335","1,781"
2022-06-26,26,6,2022,915,856,956,875,"1,318","1,731","1,636","1,024","1,013",833,"1,139","1,357","1,272","2,598","2,008","2,645","2,016","3,178","1,348","1,558"
2022-07-12,12,7,2022,824,968,996,936,"1,186","1,620","1,693","1,017",947,899,"1,117","1,525","1,225","2,322","1,982","2,477","2,434","3,575","1,311","1,578"
2022-07-28,28,7,2022,683,855,886,850,"1,141","1,771","1,892",956,920,754,"1,183","1,351","1,189","1,728","1,873","2,072","2,053","3,090","1,214","1,480"
2022-08-13,13,8,2022,859,793,883,805,"1,157","1,694","1,523",942,835,864,"1,097","1,366","1,234","2,495","2,009","2,311","1,937","2,767","1,248","1,443"
2022-08-29,29,8,2022,890,916,986,803,"1,254","1,469","1,758","1,045",927,846,"1,167","1,375","1,341","2,146","1,944","1,927","2,053","2,483","1,269","1,590"
2022-09-14,14,9,2022,869,789,899,803,"1,217","1,648","1,435",921,838,857,"1,214","1,298","1,102","1,971","1,571","1,830","1,978","2,118","1,301","1,501"
2022-09-30,30,9,2022,887,883,778,738,921,"1,524","1,411",904,782,914,"1,101","1,334","1,158","1,978","1,667","2,176","1,804","1,807","1,166","1,365"
2022-10-16,16,10,2022,882,841,"1,022",998,"1,202","1,807","2,107","1,128",959,"1,080","1,121","1,235","1,173","1,998","2,108","1,831","1,914","2,650","1,298","1,645"
2022-11-01,1,11,2022,567,870,676,990,"1,263","1,477","2,040",844,926,846,802,"1,471","1,115","2,377","2,001","2,444","2,245","3,107","1,356","1,553"
2022-11-17,17,11,2022,939,950,"1,279",817,"1,456","1,709","1,804",745,"1,076",690,"1,174",732,"1,398","2,018","2,710","2,637","2,552","2,854","1,415","1,577"
2022-12-03,3,12,2022,962,718,"1,036",998,"1,374","2,551","1,828","1,237","1,068","1,072","1,264","1,705","1,281","2,500","2,166","1,934","2,802","3,690","1,293","1,854"
2022-12-19,19,12,2022,972,971,"1,003","1,017","1,458","1,995","1,762",676,"1,013",980,"1,203","1,603","1,408","3,024","2,407","2,703","2,689","2,611","1,299","1,547"
2023-01-01,1,1,2023,868,"1,101","1,003","1,017","1,361","1,447","1,798",817,570,974,"1,481","1,303","1,186","3,480","3,070","3,697","2,893","2,091","1,188","1,608"
2023-01-17,17,1,2023,866,761,913,848,"1,157","1,354","1,782",988,961,"1,022","1,044","1,266","1,165","2,264","1,926","2,259","2,687","3,220","1,186","1,580"
2023-02-02,2,2,2023,864,807,887,747,"1,118","1,415","1,552",914,919,945,"1,041","1,370","1,114","2,334","1,866","2,205","2,358","3,168","1,166","1,470"
2023-02-18,18,2,2023,899,798,888,762,"1,153","1,612","1,591",907,865,972,"1,057","1,461","1,135","1,650","1,709","2,254","2,345","2,942","1,121","1,544"
2023-03-06,6,3,2023,875,826,885,796,"1,197","2,045","1,751",911,877,929,"1,046","1,320","1,073","2,135","2,020","1,842","2,152","2,619","1,139","1,402"
2023-03-22,22,3,2023,"1,361",665,964,711,"1,479","1,675","1,933","1,496","1,264",810,"1,847","1,889","1,073","3,021","2,137","1,695","1,889","2,855","1,317","1,532"
2023-04-07,7,4,2023,"1,299","1,423","1,539","1,413","2,009","1,878","1,688","1,311",959,974,"2,201","1,637","1,356","4,564","3,613","2,956","2,792","3,759","1,373","1,544"
2023-04-23,23,4,2023,"1,618","2,302","2,003","2,639","3,080","2,631","3,533","2,514","1,537",996,"3,988","1,821","1,905","3,417","3,197","2,472","2,030","4,614","1,488","2,752"
2023-05-09,9,5,2023,"1,384","1,505","1,193","1,203","2,507","2,535","2,161","1,744","1,657","1,048","3,329","1,729","1,975","3,554","5,350","3,014","4,435","4,671","1,426","2,483"
2023-05-25,25,5,2023,"1,043","1,118","1,182","1,072","1,976","1,839","3,411","1,260","1,446","1,090","2,848","1,807","1,715","4,251","5,031","4,785","5,124","4,924","1,557","2,158"
2023-06-10,10,6,2023,"1,119","1,120","1,044",999,"2,205","2,706","2,366","1,192","1,193","1,137","2,086","1,637","1,298","5,129","4,021","3,775","4,047","4,079","1,584","2,021"
2023-06-26,26,6,2023,"1,041",834,974,823,"1,739","2,693","1,943","1,110","1,053","1,184","1,771","1,528","1,364","3,142","3,614","2,972","3,041","3,491","1,315","1,793"
2023-07-12,12,7,2023,870,"1,065",938,945,"1,631","1,741","2,229","1,189","1,153","1,047","1,582","1,449","1,383","1,972","2,844","2,775","3,785","3,557","1,368","1,848"
2023-07-28,28,7,2023,"1,066","1,120",993,994,"1,246","1,443","1,984",647,909,"1,086","1,670","1,552","1,355","2,459","3,126","3,725","3,610","2,121","1,529","2,077"
2023-08-13,13,8,2023,868,914,"1,151",717,"1,304","1,713","1,564",994,851,"1,007","1,315","1,371","1,133","1,936","2,672","2,438","3,292","2,614","1,268","1,556"
2023-08-29,29,8,2023,929,877,896,768,"1,236","1,507","1,697","1,045",860,983,"1,309","1,316","1,133","2,006","2,168","2,304","2,942","2,680","1,252","1,551"
2023-09-14,14,9,2023,"1,028",890,869,713,"1,182","1,477","1,584",963,809,"1,002","1,371","1,296","1,125","2,950","2,359","2,873","3,551","2,739","1,167","1,434"
2023-09-30,30,9,2023,873,803,892,614,"1,399","1,637","1,687","1,008",884,982,"1,304","1,284","1,062","2,057","2,104","2,851","2,602","3,056","1,248","1,608"
2023-10-16,16,10,2023,833,876,"1,019",715,"1,730","1,219","1,673",870,876,"1,023","1,281","1,506","1,141","2,222","2,006","3,271","2,632","2,660","1,120","1,637"
2023-11-01,1,11,2023,884,133,"1,156","1,408","1,594","1,196","1,809",921,947,882,"2,886","1,198","1,249","2,986","1,890","3,857","2,333","2,101","1,359","1,721"
2023-11-17,17,11,2023,"2,786","2,771","2,290","5,322","2,789","3,752","3,322","2,350","1,289","1,054","3,246","2,183","2,504","3,888","5,488","4,322","3,245","4,392","2,399","3,741"
2023-12-03,3,12,2023,"2,753","6,642","2,015","3,129","2,554","5,212","2,484","2,219","1,190","1,553","3,181","2,513","3,654","5,272","2,729","6,317","2,894","2,598","2,380","4,453"
2023-12-19,19,12,2023,"2,272","3,320","2,755","2,535","2,105","4,213","2,473","1,470",885,"1,241","2,819","2,123","2,285","3,666","5,189","3,350","3,578","5,552","1,793","2,631"
2024-01-01,1,1,2024,"2,035","2,645","2,138","3,161","2,877","5,427","3,422","2,903","1,102",909,"3,644","3,122","2,875","5,445","6,155","3,477","3,842","4,431","3,469","5,521"
2024-01-17,17,1,2024,"2,274","2,539","2,893","5,200","3,367","4,442","4,685","3,209",896,994,"3,944","2,911","3,911","6,226","6,021","5,084","5,138","5,100","5,710","5,410"
2024-02-02,2,2,2024,"1,211","1,318","1,393","1,677","3,393","3,445","2,599","1,612",929,"1,102","3,635","2,564","2,675","3,808","4,381","5,238","4,237","4,322","3,094","3,400"
2024-02-18,18,2,2024,"1,424","1,291","2,191","1,845","2,337","3,056","2,452","1,697",822,653,"2,589","3,191","2,657","4,674","4,442","4,977","4,287","4,524","3,123","3,114"
2024-03-05,5,3,2024,"1,260","1,177","1,433","1,448","2,086","3,347","1,956","1,638","1,685","1,102","2,062","2,790","2,231","5,226","4,433","3,930","3,981","5,123","2,509","3,222"
2024-03-21,21,3,2024,"1,199","1,178","1,795","1,405","1,619","2,542","2,221","1,677","1,021",870,"2,267","2,620","2,171","4,120","4,502","4,035","2,991","4,245","2,854","2,521"
2024-04-06,6,4,2024,"1,250","1,204","2,288","1,011","2,532","2,299","2,655","2,374","1,279",890,"2,606","3,008","2,485","4,705","4,635","5,759","3,276","4,399","2,507","2,605"
2024-04-22,22,4,2024,"2,137","2,575","1,843","2,010","2,964","3,971","2,827","1,617","1,872",664,"3,356","3,087","3,099","4,751","4,875","5,482","2,231","5,003","3,178","2,966"
2024-05-08,8,5,2024,"3,553","4,058","2,795","2,964","2,296","2,688","4,124","3,106","2,132",601,"3,699","3,542","2,555","4,387","5,727","4,962","3,452","4,450","2,268","2,227"
2024-05-24,24,5,2024,"2,379","2,133","1,880","2,962","2,081","3,479","3,173","2,174","2,645","1,449","3,218","3,294","2,566","3,999","4,907","5,145","4,021","4,660","2,325","2,426"
2024-06-09,9,6,2024,"1,872","1,617","1,373","1,864","1,622","2,446","2,580","1,535","2,149","1,513","2,374","2,954","1,939","3,101","3,473","5,025","3,641","3,812","1,964","1,907"
