Time,Day,Month,Year,ZZ,Z,YY,Q,XX,H,I,W,VV,A,AA,U,TT,T,SS,S,DD,D,QQ,K
2/18/2000,18,2,2000,"1,173",865,"1,859","1,349","1,535","1,632","1,471","1,264",972,"1,176",707,"1,225","1,591","1,266","1,766","1,028",895,"1,392","1,744","1,297"
3/5/2000,5,3,2000,"1,013","1,115","2,321","1,577","1,443","2,266","1,902","1,355","1,361","1,276",620,"1,198","2,613","1,623","2,192","1,057",958,"1,407","1,665","1,241"
3/21/2000,21,3,2000,"1,176","1,036","3,690","1,653","1,388","2,126","1,501","1,248","1,203","1,267",654,"1,247","2,117","2,154","1,903","1,048","1,196","1,272","1,479",677
4/6/2000,6,4,2000,"1,240","1,648","3,225","2,866","1,313","1,974","1,774","1,705","1,130","1,033","1,106","1,139","5,114","2,185","4,373",915,845,"2,085","3,220","3,557"
4/22/2000,22,4,2000,"1,170","1,289","2,566","2,094","1,133","1,539","1,526","1,497","1,111","1,245",812,"1,317","4,974","1,657","3,659","1,248","1,434","1,852","2,629","1,773"
5/8/2000,8,5,2000,"1,186","1,327","1,722","1,926",350,"1,644","3,871","1,253","1,066","1,126",610,"1,104","3,037","1,532","2,702","1,081",722,"1,655","1,853","1,915"
5/24/2000,24,5,2000,"1,058","1,211","1,780","1,437","1,097","1,283","2,734","1,160",983,938,660,969,"2,997","1,344","1,945",946,764,928,"1,439","1,803"
6/9/2000,9,6,2000,990,956,"1,837","1,469","1,040","1,346","2,263","1,181",929,872,529,975,"1,659","1,201","1,592","1,046",708,"1,154","1,393",669
6/25/2000,25,6,2000,"1,158",991,"1,864","1,352","1,200","1,354","1,561","1,158",957,791,522,999,"1,655","1,124","1,475",841,726,"1,206","1,276","1,280"
7/11/2000,11,7,2000,"1,147",896,"1,440","1,141","1,041","1,282","1,839","1,146","1,003",846,487,980,"1,609","1,173","1,337",869,734,864,"1,245","1,305"
7/27/2000,27,7,2000,"1,147",836,"1,286",925,"1,221","1,197","1,315","1,063",864,740,432,954,"1,692","1,091","1,305",822,701,"1,000","1,128","1,170"
8/12/2000,12,8,2000,"1,057",885,"1,274","1,143",931,"1,154","1,075","1,020",820,735,393,895,"1,481","1,032","1,142",787,686,972,"1,073","1,092"
8/28/2000,28,8,2000,"1,019",846,"1,232","1,199","1,099","1,319","1,245","1,002",809,782,479,935,"1,473",987,"1,241",851,745,"1,164","1,260","1,258"
9/13/2000,13,9,2000,"1,071",987,"1,235","1,146","1,032","1,214","1,048","1,071",922,736,380,954,"1,513","1,035","1,180",750,686,"1,075","1,138","1,145"
9/29/2000,29,9,2000,"1,120",922,"1,237","1,151","1,041","1,202","1,248","1,053",844,793,449,977,"1,659","1,061","1,123",749,740,989,"1,121","1,079"
10/15/2000,15,10,2000,"1,126",862,"1,284","1,124","1,011","1,144","1,013","1,131",888,872,468,915,"1,368","1,173","1,153",793,681,"1,006","1,075","1,193"
10/31/2000,31,10,2000,900,854,"1,264","1,170","1,013","1,277",995,"1,077",839,892,416,795,"1,163","1,060","1,149",857,702,927,"1,107","1,060"
11/16/2000,16,11,2000,"1,809","1,334",635,"1,484","1,765","2,528","1,250","2,057","1,591","1,087",806,"1,474","2,375","1,227","1,509",949,764,"1,147","1,027","1,233"
12/2/2000,2,12,2000,"2,230","1,736","5,243","2,019","1,920","1,792","4,478","2,049","2,291","1,556","1,000","3,365","4,381","2,213","2,635","1,253","1,294","4,101","1,440","2,841"
12/18/2000,18,12,2000,"1,833","2,595","2,400","3,194","2,114","1,950","6,003","2,633","1,869","1,532","2,673","2,370","6,847","2,442","3,703","1,755","2,665","3,178","2,224","5,293"
1/1/2001,1,1,2001,"4,521","4,658","4,624","3,145","1,567","3,562","5,471","5,427","2,527","3,013","3,454","3,879","5,296","4,414","3,245","3,572","4,049","5,874",840,"6,605"
1/17/2001,17,1,2001,"5,880","4,509","4,506","3,824","1,984","2,648","5,428","3,508","3,556","3,147","3,606","5,319","6,480","5,328","3,312","2,337","3,187","5,695","3,053","5,734"
2/2/2001,2,2,2001,"5,291","4,310","3,935","3,705","2,018","2,385","5,506","2,527","2,554","2,008","5,304","6,090","5,293","3,343","4,009","2,428","2,084","4,065","5,076","5,122"
2/18/2001,18,2,2001,"4,954","3,610","3,716","2,778","1,783","1,931","2,368","2,470","2,602","2,403","3,456","3,338","4,789","3,997","4,019","2,028","2,166","2,404","2,875","3,109"
3/6/2001,6,3,2001,"2,587","2,950","3,214","2,491","1,635","2,292","2,137","2,699","1,606","1,590","1,395","2,626","4,240","2,001","2,991","1,802","1,603","2,815","3,546","1,966"
3/22/2001,22,3,2001,"3,289",485,"3,143","2,962","2,055","2,433","2,388","1,809","1,445","2,254","2,378","2,937","4,476","3,272","2,168","2,481","2,469","2,268","4,254","2,833"
4/7/2001,7,4,2001,"4,145","3,189","3,443","4,568","2,730","4,239","4,722","3,469","2,849","3,108","2,700","3,828","5,514","2,777","2,764","2,960","3,642","3,389","8,333","4,999"
4/23/2001,23,4,2001,"3,234","2,606","4,041","4,276","9,881","3,810","4,038","4,579","3,134","1,922","1,714","2,692","4,763","3,297","2,576","1,850","3,587","3,827","4,654","4,661"
5/9/2001,9,5,2001,"2,812","1,787","2,449","3,455","1,841","2,087","5,474","3,217","2,210","1,524","1,342","2,615","4,622","3,079","2,015",822,"1,923","3,158","2,775","2,419"
5/25/2001,25,5,2001,"2,284","1,501","3,416","2,111","2,142","1,907","4,560","2,418","1,611","1,427","1,168","2,065","3,388","2,656","1,868","1,082","1,399","2,698","2,933","1,663"
6/10/2001,10,6,2001,"1,979","1,420","2,657","2,037","1,752","1,557","4,478","2,087","1,549","1,216",822,"1,545","2,291","2,354","1,837","1,258","1,649","2,555","2,204","2,345"
6/26/2001,26,6,2001,"1,700","1,368","2,031","1,937","1,604","1,506","2,675","1,837","1,303","1,059","1,073","1,688","2,552","2,069","1,426","1,240","1,446","1,229","1,893",602
7/12/2001,12,7,2001,"1,761","1,312","1,960","1,500","1,116","1,359","2,062","1,683","1,288","1,035",980,"1,444","2,758","2,050","1,372",969,"1,329","1,642","1,795","1,696"
7/28/2001,28,7,2001,"1,697","1,143","2,238","1,639","1,306","1,379","1,984","1,515","1,286","1,094",884,"1,590","1,955","1,514","1,401","1,031","1,219","1,710","1,712","1,665"
8/13/2001,13,8,2001,"1,503","1,214","1,542","1,447","1,131","1,389","1,677","1,508","1,201",964,869,"1,560","2,016","1,575","1,262",940,"1,133","1,445","1,557","1,442"
8/29/2001,29,8,2001,"1,896","1,113","1,368","1,517","1,247","1,110","1,835","1,432","1,141",930,989,"1,393","2,032","1,621","1,213",996,990,"1,641","1,592","1,503"
9/14/2001,14,9,2001,"1,645","1,250","1,838","1,321","1,000","1,332","1,440","1,456","1,140","1,346","1,018","1,543","2,057","1,567","1,192",956,"1,022","1,628","1,648","1,554"
9/30/2001,30,9,2001,"1,367","1,090","1,433","1,498","1,198","1,330","1,548","1,595","1,211","1,216",981,"1,281","1,876","1,665","1,222","1,041","1,166","1,107","1,520",914
10/16/2001,16,10,2001,"1,317","1,071","1,525","1,299",992,"1,118","1,433","1,403","1,044",837,757,"1,462","1,540","1,254","1,148",896,"1,060",956,"1,490","1,008"
11/1/2001,1,11,2001,"1,505","1,134","1,678","1,202","1,343","1,460","1,239","1,312","1,152","1,358",761,"1,194","1,385","1,611","1,076","1,035",963,"1,303","1,194","1,270"
11/17/2001,17,11,2001,"2,555","1,281","1,901","1,869","1,929","2,888","3,045","2,388","1,099","1,049",742,"1,132","2,131","1,407","1,646",827,898,"1,295","1,616","1,096"
12/3/2001,3,12,2001,"1,794","1,055","1,754","4,269","2,104","3,615","2,303","1,852","1,063","1,119",805,"1,182","2,095","1,309","1,340",876,957,"1,018","1,684","1,185"
12/19/2001,19,12,2001,"1,615",973,"1,617","1,536","1,458","2,384","2,228","1,037","1,035",960,942,"1,202","1,786","1,257","1,147","1,100",924,"1,143","1,309",954
1/1/2002,1,1,2002,"2,101","1,312","1,762","1,379","1,332","1,963","2,559",938,907,544,622,"1,151","1,498","1,077",675,877,992,"1,143","1,418","1,260"
1/17/2002,17,1,2002,"5,028","1,737","3,045","2,647","2,256","2,612","3,301","5,184","1,394","2,671","2,067","1,910","3,478","3,313","2,820","2,273","2,125","3,517","1,690","3,056"
2/2/2002,2,2,2002,"5,061","2,222","3,613","2,100","2,274","2,135","3,129","4,740","1,318","2,828","1,821","1,530","2,485","3,199","3,135","1,882","2,723","2,666","1,872","3,099"
2/18/2002,18,2,2002,"3,188","2,208","4,204","2,534","2,300","1,940","2,428","4,685","2,948","2,821","2,927","2,846","2,193","4,770","2,921","2,551","2,275","3,275","2,282","2,873"
3/6/2002,6,3,2002,"2,834","2,322","4,954","2,846","2,405","2,502","3,006","4,896","3,360","2,895","2,725","2,465","1,597","4,080","3,012","2,837","2,406","5,037","3,050","2,413"
3/22/2002,22,3,2002,"1,946","2,119","4,185","4,294","2,138","1,612","3,802","4,875",537,"2,363","1,806","3,527","1,886",856,"2,444","2,403","1,850","4,307","1,075","1,917"
4/7/2002,7,4,2002,"2,664","1,967","2,381","2,831","2,459","1,531","3,716","1,624",792,"1,651","1,701","1,236","2,431","2,610","1,695","2,612","2,758","3,945","2,821","1,846"
4/23/2002,23,4,2002,"3,117","2,932","2,889","2,600","2,142","1,655","2,410","4,806","2,307","2,709","1,234","2,667","1,593","2,567","2,167","1,324","2,259","2,434","2,676","1,316"
5/9/2002,9,5,2002,"2,442","3,883","3,772","3,504","2,428","1,876","3,020","3,924","2,739","1,990","2,004","2,823","1,878","2,981","2,414","2,150","1,210","2,377","2,852","3,061"
5/25/2002,25,5,2002,"2,500","3,339","3,919","2,978","1,394","1,170","2,343","3,792","1,964","1,734","2,187","2,675","1,733","1,724","2,130","1,283","1,011","1,933","1,928","1,371"
6/10/2002,10,6,2002,"1,823","2,028","3,286","2,143","1,332","1,070","2,239","2,721","1,563","1,605","1,819","1,723","1,466","1,545","1,764","1,151","1,116","2,039","1,933","1,548"
6/26/2002,26,6,2002,"2,045","2,023","3,349","2,104","1,330","1,182","1,731","2,326","1,415","1,375","1,112","1,848","1,499","1,552","1,629","1,101",996,"1,628","1,576","1,294"
7/12/2002,12,7,2002,"1,888","1,657","2,890","1,814","1,250","1,016","1,496","1,939","1,322","1,097","1,326","1,669","1,520","1,528","1,437","1,078",974,"1,591","1,676","1,235"
7/28/2002,28,7,2002,"1,462","1,468","2,160","1,495",485,"1,236","1,458","1,681","1,215","1,082",841,"1,455","1,635","1,269","1,275",974,976,"1,451","1,517","1,193"
8/13/2002,13,8,2002,"1,531","1,420","1,885","1,467",660,"1,359","1,026","1,488","1,136","1,056",871,"1,425","1,429","1,125","1,224","1,004",927,"1,308","1,641",922
8/29/2002,29,8,2002,"1,623","1,176","1,914","1,295","1,042",946,"1,032","1,559","1,163",995,906,"1,319","1,312","1,016","1,236",937,926,"1,307","1,449","1,017"
9/14/2002,14,9,2002,"1,601","1,267","1,490","1,115","1,090",947,"1,348","1,409",978,899,917,"1,322","1,384","1,065",855,"1,153","1,011","1,200","1,673",984
9/30/2002,30,9,2002,"1,679","1,408","1,638","1,276","1,223","1,241","1,318","1,430","1,065","1,263","1,081","1,374","1,397","1,260","1,178","1,006",955,"1,219","1,451","1,095"
10/16/2002,16,10,2002,"1,508","1,295","1,807","1,334","1,097",963,"1,235","1,415","1,036","1,073",831,"1,312","1,097","1,240","1,104",958,859,"1,340","1,371","1,027"
11/1/2002,1,11,2002,"1,248","1,473","2,182","1,264","1,061","1,359","2,535","1,408","1,037",770,"1,030","1,330","1,438","1,448","1,074","1,175",855,"1,161","1,373","1,456"
11/17/2002,17,11,2002,"1,251","2,215","3,420","1,408","2,310","3,146","2,924","3,120","1,302","1,415",892,762,"1,867","1,488","1,732","1,318","1,087","1,903","1,306","2,229"
12/3/2002,3,12,2002,"1,296","1,386","3,111","1,911","3,392","2,685","3,874","5,003","1,226","1,002","1,180","1,300","1,872","1,640","1,628","1,224","1,539","2,645","1,540","1,723"
12/19/2002,19,12,2002,"1,770","3,355","6,331","2,010","4,076","5,337","4,412","5,240","2,351","2,842","1,657","2,970","1,993","2,162","3,077","2,847","2,739","5,666","2,338","4,135"
1/1/2003,1,1,2003,"1,770","3,848","4,253","3,300","4,360","5,444","3,403","5,924","2,369","2,476","1,585","5,156","6,018","5,127","3,708","2,847","3,502","5,540","4,135","5,202"
1/17/2003,17,1,2003,"1,639","3,110","3,570","2,122","3,038","3,741","2,845","4,561","2,133","2,062","2,398","3,791","5,925","3,873","3,440","1,902","2,636","4,185","3,162","3,003"
2/2/2003,2,2,2003,"1,371","1,995","3,380","2,086","2,705","3,184","1,757","3,408","1,487","1,884","1,254","3,208","3,515","2,821","2,730","1,288","1,484","2,989","2,760","2,133"
2/18/2003,18,2,2003,"1,525","2,480","3,247","1,575","2,304","2,473","1,535","2,654","1,112","1,860","1,585","1,991","2,357","2,372","1,812","1,362","1,807","3,321","2,247","2,590"
3/6/2003,6,3,2003,"1,301","1,830","2,646","1,438","1,796","1,724","1,394","1,928","1,154","1,214","1,332","1,593","2,050","1,810","1,595","1,118","1,403","2,306","1,782","1,663"
3/22/2003,22,3,2003,"1,957","3,672","4,062","1,462","1,696","1,753","2,612","3,218","1,441","1,724","1,091","2,208","3,593","1,951","2,012","1,316","1,518","1,939","2,060","1,563"
4/7/2003,7,4,2003,"1,622","2,731","3,132","2,297","1,538","3,449","2,087","2,336","1,482","1,516","1,781","1,953","2,560","2,375","2,800","1,507","2,254","2,837","2,641","2,347"
4/23/2003,23,4,2003,"1,521","2,596","2,155","2,106","1,527","2,529","2,126","1,932","1,328","1,442","1,237","1,630","1,761","1,590","2,593","1,465","2,253","4,279","2,220","1,744"
5/9/2003,9,5,2003,"4,449","4,428","3,483","3,833","3,064","4,672","3,518","3,958","2,036","2,340","1,351","3,296","6,530","2,783","2,326","2,178","2,516","3,671","4,387","3,519"
5/25/2003,25,5,2003,"5,167","2,135","2,695","4,691","3,990","4,108","5,014","5,281","2,338","3,343","2,078","4,111","6,166","6,400","1,751","1,960","3,154","3,126","4,040","6,067"
6/10/2003,10,6,2003,"4,150","1,474","3,385","3,430","3,668","3,009","4,036","3,593","2,328","1,955","1,224","3,346","5,148","4,417","1,878","1,632","1,941","4,136","3,420","4,348"
6/26/2003,26,6,2003,"3,423","1,405","3,461","2,512","2,933","2,710","2,798","2,840","1,710","1,479","1,139","2,684","3,304","2,660","1,673","1,364","1,618","2,317","2,355","2,746"
7/12/2003,12,7,2003,"1,861","1,280","2,515","2,069","2,290","2,041","2,053","2,577","1,366","1,025",860,"1,909","2,471","2,241","1,126","1,068","1,042","2,205","1,866","2,005"
7/28/2003,28,7,2003,"1,712","1,233","2,300","1,796","1,869","1,848","1,022","1,657","1,205","1,195",817,"1,628","2,139","2,122","1,266","1,128","1,219","1,763","1,989","1,678"
8/13/2003,13,8,2003,"2,252","1,140","1,921","1,599","1,607","1,624","1,355","1,665","1,187","1,113",747,"1,496","2,084","1,651","1,169",985,"1,013",969,"1,628","1,586"
8/29/2003,29,8,2003,"1,687","1,158","1,664","1,438","1,300","1,365","1,224","1,316","1,074","1,059",954,"1,358","2,088","1,681","1,190",987,983,"1,046","1,464","1,509"
9/14/2003,14,9,2003,"1,513","1,355","1,735","1,385","1,439","1,595","1,297","1,490","1,173",985,743,"1,382","1,816","1,386","1,186","1,153","1,048","1,270","1,659","1,583"
9/30/2003,30,9,2003,"1,881","1,175","1,290","1,408","1,199","1,396","1,167","1,325","1,112",975,653,"1,205","1,811","1,154","1,095",923,907,935,"1,603","1,334"
10/16/2003,16,10,2003,"1,550","1,153","1,531","1,230","1,193","1,293","1,071","1,058",992,980,648,"1,175","1,581","1,253","1,020","1,062",796,"1,121","1,577","1,574"
11/1/2003,1,11,2003,"1,456","1,567","2,296","1,924","1,489","1,297",986,"1,395",993,820,955,"1,048","1,358","1,251","1,251",897,999,983,"1,313","1,341"
11/17/2003,17,11,2003,"1,802","1,323","1,985","1,838","1,569","1,195",982,"1,434",891,848,666,"1,118","1,403",745,957,909,934,959,"1,325","1,435"
12/3/2003,3,12,2003,"1,410","1,347","1,965","1,381","1,286","1,639","1,849","1,260",975,854,"1,403","1,056","1,639","1,377",940,884,861,"1,001","1,558","1,121"
12/19/2003,19,12,2003,"1,621","1,435","2,374","1,299","1,215","1,566","2,202","1,221",989,968,"1,105","1,136","1,358","1,261","1,956","1,305","1,016","1,439","1,581","1,692"
1/1/2004,1,1,2004,"1,304","1,116","2,132","1,525","1,535","1,662","2,197","1,461","1,013",971,903,"1,026","2,695","1,276","1,507","1,175",843,"1,109","1,390","1,958"
1/17/2004,17,1,2004,"1,481","1,299","2,122","1,706","2,082","1,983","3,266","1,821","1,245","1,264",932,"1,217","3,875","2,122","1,326","1,569","1,329","1,313","2,055","2,672"
2/2/2004,2,2,2004,"1,200","2,359","4,249","2,941","2,015","2,238","2,828","1,784","1,898",913,"1,017","1,282","4,763","2,824","1,500",971,"1,020",976,"2,679","1,698"
2/18/2004,18,2,2004,"1,325","3,105","3,319","1,788","2,642","1,903","3,279","3,174","2,247","1,534","1,007","2,324","4,140","2,552","2,218","1,125","1,115","1,497","2,527","1,921"
3/5/2004,5,3,2004,"1,434","3,345","3,570","2,432","1,887","1,937","3,715","3,224","1,664","2,208",934,"2,042","2,646","2,033","2,235","1,452","1,282","1,549","2,250","2,935"
3/21/2004,21,3,2004,"1,723","2,907","3,816","1,912","2,357","2,537","1,379","1,800","1,598","1,829",901,"2,236","1,089",599,"2,812","1,905","2,216","4,616","2,582","3,987"
4/6/2004,6,4,2004,"2,932","3,015","3,352","2,487","1,692","4,669","4,107","3,230","2,083","2,026","1,256","1,622","4,489","4,803","3,621","3,111","3,501","4,957","3,688","4,166"
4/22/2004,22,4,2004,"4,437","2,088","3,469","1,843","1,877","3,165","3,241","2,515","1,962","2,573","1,242","1,849","5,234","4,959","3,938","2,535","3,409","4,769","4,474","4,461"
5/8/2004,8,5,2004,"2,492","1,883","2,981","1,656","2,089","2,823","2,980","1,706","1,728","1,514","1,253","1,534","1,966","2,568","3,663","2,279","2,567","5,204","3,532","4,269"
5/24/2004,24,5,2004,"2,608","1,737","2,597","1,369","1,410","2,530","2,011","1,556","1,588","1,487","1,252",959,"1,956","2,039","3,708","1,391","1,354","2,392","2,946","2,293"
6/9/2004,9,6,2004,"1,777","1,121","2,189","1,384","1,295","1,867","1,572","1,489","1,316","1,320","1,025","1,044","1,638","1,753","2,380","1,219","1,380","2,662","2,045","2,017"
6/25/2004,25,6,2004,"1,422","1,197","1,892","1,288","1,162","1,785","1,348","1,152","1,179","1,000",920,960,"1,970","1,515","2,366","1,085","1,125","2,147","2,163","1,674"
7/11/2004,11,7,2004,"1,412",961,"1,811","1,165","1,128","1,361","1,065","1,172","1,055",966,789,909,"2,164","1,451","1,628","1,032","1,092","1,724","1,562","1,542"
7/27/2004,27,7,2004,"1,583","1,056","1,763","1,270","1,097","1,400","1,075","1,187","1,086","1,043",734,"1,048","1,769","1,376","1,526",976,"1,185","1,603","1,737","1,601"
8/12/2004,12,8,2004,"1,365","1,009","2,135","1,216","1,155","1,252",993,"1,263",986,"1,031",740,893,"1,826","1,305","1,401",892,"1,025","1,443","1,926","1,413"
8/28/2004,28,8,2004,"1,243",965,"1,853","1,359","1,157","1,470",974,"1,102","1,007",950,738,997,"1,552","1,274","1,477","1,039",970,"1,595","1,891","1,421"
9/13/2004,13,9,2004,"1,398","1,026","1,733","1,408","1,382","1,482",947,"1,218",968,855,633,893,"1,706","1,779","1,449",930,950,"1,420","1,921","1,398"
9/29/2004,29,9,2004,"1,307","1,136","1,455","1,121","1,109","1,524","1,140","1,231","1,100",906,697,989,"1,460","1,487","1,371",843,"1,016","1,527","1,539","1,504"
10/15/2004,15,10,2004,"1,337","1,254","1,858","1,319","1,366","1,324","1,320","1,151","1,000",618,787,916,"1,434","1,634","1,286",874,884,"1,352","1,471","1,169"
10/31/2004,31,10,2004,"1,278","1,144","1,642","1,318","1,454","1,149","1,590","1,155","1,048",780,523,939,"1,304","1,349","1,326",839,840,"1,345","1,718","1,292"
11/16/2004,16,11,2004,"1,278",932,"2,010","1,369","1,324","1,276","1,157","1,192",904,865,527,898,"1,181","1,419",990,849,821,"1,335","1,750","1,198"
12/2/2004,2,12,2004,838,"1,004","1,717","1,388","1,189","1,351","2,119","1,042","1,077","1,069",593,"1,002","1,423","1,371","1,048",754,798,"1,038","1,228","1,011"
12/18/2004,18,12,2004,"1,893","1,394","2,233","1,333","1,303","1,886","1,227","1,596",894,"1,537",716,"1,278","2,501","1,849","3,178","2,100","2,118","3,416","1,558","3,468"
1/1/2005,1,1,2005,"2,785","1,394","2,104","1,202","1,303","2,644","2,137","1,596",934,"1,229","1,398","1,151","3,498","1,849","2,793","2,100","2,118","4,243","2,231","3,468"
1/17/2005,17,1,2005,"1,706","1,142","1,837","1,209","1,453","2,115","1,519","1,233",916,"1,055",877,779,"1,789","1,075","2,451","1,249","1,830","3,244","1,469","2,094"
2/2/2005,2,2,2005,"1,249","1,363","2,954","1,400","1,439","1,557","1,340","1,369","1,136","1,259",672,931,"2,023","1,308","2,069",957,"1,494","2,601","1,530","1,718"
2/18/2005,18,2,2005,"1,260",951,"2,468","1,328","1,242","1,345","1,217","1,403","1,054","1,053",745,935,"1,563","1,073","1,567",932,949,"2,361","1,281","1,434"
3/6/2005,6,3,2005,"1,592","1,297","2,749","1,420","1,214","1,556","1,167","1,557",926,"1,145",837,980,"2,167","1,266","1,686",974,986,"1,840","1,219","1,421"
3/22/2005,22,3,2005,"1,227","1,469","2,406","2,537","1,397","2,639","1,970","1,851","1,318","1,149","1,015","1,128","5,685","2,736","2,625","1,937","2,129","3,794","1,338","2,419"
4/7/2005,7,4,2005,"3,874","2,025","3,411","3,215","1,537","3,717","2,997","3,417","1,690","3,024","1,291","2,061","3,927","5,186","4,011","2,776","2,272","3,576","1,367","3,661"
4/23/2005,23,4,2005,"3,578","3,091","3,467","2,560","2,801","4,045","4,529","3,036","1,999","2,477","1,099","2,384","5,939","4,044","4,264","2,487","2,180","3,599","4,181","4,164"
5/9/2005,9,5,2005,"3,083","1,696","3,493","1,751","1,966","3,648","3,300","2,361","2,015","2,190","1,222","1,283","5,812","4,524","3,642","1,509","1,808","2,300","3,142","2,554"
5/25/2005,25,5,2005,"2,845","2,965","1,325","1,871","1,384","2,358","3,899","3,650","1,502","1,337",795,"1,393","2,713","2,154","2,595","1,234","1,114","1,839","2,175","1,559"
6/10/2005,10,6,2005,"2,119","1,781","3,413","1,696","1,992","2,058","2,369","1,975","1,354","1,261",780,"1,332","3,091","2,137","2,799","1,106","1,094","1,501","1,815","1,818"
6/26/2005,26,6,2005,"2,120","1,258","2,203","1,432","1,544","1,594","2,069","1,637","1,197","1,130",592,"1,204","2,308","1,471","2,306",951,909,997,"1,949","1,569"
7/12/2005,12,7,2005,"1,952",999,"1,803",998,"1,224","1,366","1,348","1,261","1,109","1,039",658,"1,024","2,178","1,317","1,993","1,040","1,190",350,"1,672",849
7/28/2005,28,7,2005,"1,721",989,"1,811","1,123",326,"1,245","1,160","1,302",969,829,696,785,"2,170","1,154","1,725",813,883,"1,090","1,360","1,044"
8/13/2005,13,8,2005,"1,645","1,087","1,887","1,271","1,088","1,417","1,012","1,259","1,021",826,599,"1,013","1,826","1,270","1,495",982,942,"1,145","1,412","1,334"
8/29/2005,29,8,2005,"1,616","1,139","2,067","1,283","1,165","1,275","1,123","1,178","1,036",960,561,927,"1,744","1,305","1,540",881,"1,052","1,194","1,341","1,112"
9/14/2005,14,9,2005,"1,520","1,168","1,671","1,136","1,067","1,007","1,131","1,249","1,013",824,430,997,"1,348","1,035","1,325",986,885,"1,064","1,302","1,289"
9/30/2005,30,9,2005,"1,536","1,128","1,511","1,292","1,210","1,271","1,176","1,252",872,783,413,908,"1,545","1,049","1,263",769,793,"1,263","1,288","1,290"
10/16/2005,16,10,2005,"1,450",895,"1,437","1,106","1,128","1,246","1,020","1,109",838,970,479,835,"1,490","1,140","1,381",860,823,"1,138","1,331","1,262"
11/1/2005,1,11,2005,"1,549",984,"2,060","1,315","1,549","1,658","1,049","1,279",985,"1,048",538,784,"1,484","1,351","1,197",855,745,"1,039","1,277","1,155"
11/17/2005,17,11,2005,"1,357",922,"1,821","1,677","2,102","2,500","3,428","1,235",904,"1,039",486,"1,067","2,294","1,119","1,284",756,808,"1,074","1,316","1,141"
12/3/2005,3,12,2005,"1,291",965,"1,337","1,351","1,371","1,547","1,655","1,179",849,928,537,828,"1,990",975,"1,193",813,844,"1,149","1,165","1,257"
12/19/2005,19,12,2005,"1,267","1,082","1,633","1,175","1,294","1,483","1,736","1,200",934,984,485,866,"1,594","1,107","1,315",784,636,"1,107","1,182",942
1/1/2006,1,1,2006,"1,354",896,"1,647","1,122","1,239","1,385","2,090","1,167",765,798,502,875,"1,580",918,"1,186",724,726,"1,034","1,046",971
1/17/2006,17,1,2006,"1,281","1,170","2,128","1,113","1,204","1,263","1,817","1,053","1,216","1,018",628,"1,101","1,408","2,467","1,515",836,752,"1,168","1,064","1,170"
2/2/2006,2,2,2006,"1,160","1,155","2,038","1,177","1,064","1,079","1,388","1,069","1,057",852,511,"1,173","1,413","1,556","1,348",762,742,980,"1,026","1,092"
2/18/2006,18,2,2006,"1,338","1,075","1,801","1,253","1,324","1,302","2,199","1,106","1,345",882,543,"1,047","1,778","1,496","1,501",848,677,"1,080","1,239","1,153"
3/6/2006,6,3,2006,"1,308","2,305","2,465","1,575","1,077","1,542","4,395","2,055","2,273","1,200","1,019","2,029","3,909","3,451","2,914","1,390","1,354","1,738","1,718","2,155"
3/22/2006,22,3,2006,"1,585","3,968","3,712","2,076","3,248","4,873","4,198","1,755","2,447","1,367","1,706","2,437","3,960","3,509","3,674","3,194","2,493","4,541","4,954","4,070"
4/7/2006,7,4,2006,"2,688","4,831","3,892","3,733","2,782","3,381","4,335","2,271","2,765","2,646","1,347","4,582","8,050","4,476","3,946","3,829","2,591","5,805","4,829","5,744"
4/23/2006,23,4,2006,"3,496","4,461","2,358","4,084","4,335","5,128","4,126","2,846","2,427","2,067","1,275","3,398","3,866","4,065","4,079","2,738","4,043","4,042","4,915","4,851"
5/9/2006,9,5,2006,"2,163","3,731","3,835","3,732","3,136","4,018","4,326","2,068","2,135","1,263",996,"2,037","2,612","3,816","3,474","1,869","2,113","4,176","5,988","5,654"
5/25/2006,25,5,2006,"2,515","2,979","2,986","2,752","2,370","3,423","4,217","1,883","1,946","1,123","1,115","1,563","2,653","2,696","3,265","1,554","1,847","3,360","4,734","5,409"
6/10/2006,10,6,2006,"2,020","1,918","2,996","2,448","1,896","2,555","3,794","1,568","1,598","1,353",852,"1,220","2,284","1,902","2,918","1,475","1,510","3,183","3,616","3,444"
6/26/2006,26,6,2006,"1,878","1,620","2,168","1,983","1,670","1,893","3,207","1,286","1,371","1,017",774,"1,063","2,082","1,681","1,993","1,189","1,176","2,246","2,662","2,927"
7/12/2006,12,7,2006,"1,714","1,433","1,880","2,117","1,707","1,793","2,662","1,717",597,843,515,"1,077","1,932","1,658","1,628","1,361",736,"1,714","2,388","2,288"
7/28/2006,28,7,2006,"2,091","1,413","1,809","1,803","1,527","1,704","2,233","1,237","1,179",604,505,"1,110","1,750","1,693","1,565","1,061","1,126","1,355","2,350","2,079"
8/13/2006,13,8,2006,"1,521","1,327","1,876","1,706","1,568","1,492","1,820","1,162","1,147",875,694,"1,125","2,374","1,386","1,661","1,128",884,"1,855","2,065","2,045"
8/29/2006,29,8,2006,"1,742","1,541","1,865","1,606","1,192","1,543","1,766","1,233","1,139",863,605,"1,058","1,776","1,336","1,504",992,"1,111","1,680","2,030","1,924"
9/14/2006,14,9,2006,"1,778","1,347","1,895","1,545","1,294","1,434","1,669","1,316",947,"1,074",611,"1,174","1,707","1,178","1,412",959,955,"1,822","1,916","1,943"
9/30/2006,30,9,2006,"1,343","1,501","1,376","1,457","1,284","1,475","1,383","1,146","1,015","1,035",546,"1,086","1,454","1,301","1,417",915,982,"1,543","1,760","1,829"
10/16/2006,16,10,2006,"1,250","1,572","1,735","1,245","1,317","1,362","3,136","1,249","1,018",980,502,907,"1,508","1,417","1,375",967,885,"1,231","1,634","1,299"
11/1/2006,1,11,2006,"1,119","1,863","1,422","1,255",938,"1,375","5,380","1,836",994,"1,479",592,"1,034","2,729","1,351","1,707","1,193","1,488","2,126","1,901","1,657"
11/17/2006,17,11,2006,"1,444","1,381","1,033","3,235","2,777","3,153","5,604","2,262",816,"2,215",389,"2,040","5,674","1,190","3,238","1,618","1,864","2,309","1,637","3,106"
12/3/2006,3,12,2006,"3,438","3,000","3,770","4,451","2,578","4,393","5,925","3,860","1,850","2,145","1,927","2,188","4,197","2,314","3,256","1,823","2,955","3,766","3,833","3,780"
12/19/2006,19,12,2006,"4,624","4,240","3,550","2,577","2,581","4,252","5,091","4,030","3,048","2,590","1,851","4,911","4,881","5,773","3,535","2,528","2,630","4,954","5,601","5,492"
1/1/2007,1,1,2007,"3,860","3,537","4,866","4,681","3,968","3,672","5,000","3,762","2,722","1,984","2,019","4,911","5,252","4,169","4,328","3,260","3,349","5,262","5,466","4,724"
1/17/2007,17,1,2007,"4,767","3,304","4,158","4,467","3,464","2,981","4,381","3,547","2,047","2,304","2,676","4,999","4,465","3,626","3,670","2,489","2,866","4,177","4,233","4,726"
2/2/2007,2,2,2007,"3,383","3,051","3,818","4,068","2,853","3,085","4,196","3,352","2,582","2,440","3,631","3,420","1,930","4,430","3,733","2,058","2,178","3,661","3,457","4,761"
2/18/2007,18,2,2007,"2,698","2,586","3,800","3,091","2,158","2,215","3,208","2,685","1,978","1,548","2,075","3,081","1,816","3,273","3,705","1,165","1,642","2,642","2,523","3,746"
3/6/2007,6,3,2007,"2,646","2,720","3,884","3,187","1,821","2,358","2,837","3,700","1,812","1,537","1,377","2,094","2,563","3,736","3,283","1,470","1,564","2,708","2,148","3,347"
3/22/2007,22,3,2007,"2,411","3,233","3,545","1,277","1,362","2,410","2,426","3,472","1,900","1,763","2,477","2,773","1,953","2,547","3,697","1,284","1,860","3,329",888,"4,011"
4/7/2007,7,4,2007,"2,068","2,410","3,173","2,346","1,934","2,307","2,551","2,405","1,661","1,498","1,665","2,003","2,403","4,670","3,490","1,726","2,132","2,707","2,212","3,186"
4/23/2007,23,4,2007,"2,504","4,480","3,291","1,618","2,550","2,062","2,612","1,843","2,580","1,904","2,130","1,886","2,457","4,173","2,377","1,585","1,994","2,885","2,276","2,875"
5/9/2007,9,5,2007,"1,710","2,234","2,306","1,620","1,721","1,837","3,839","1,516","1,607","1,600","1,496","1,453","2,735","2,625","2,170","1,109","1,757","1,764","2,595","2,353"
5/25/2007,25,5,2007,"1,531","1,546","1,517","1,273","1,710","1,487","3,501","1,614","1,390","1,014","1,136","1,097","2,021","1,955","1,544","1,124",930,"1,471","2,311","1,659"
6/10/2007,10,6,2007,"1,504","1,418","1,994","1,342","1,502","1,267","3,395","1,210","1,613","1,027",911,"1,204","2,057","1,663","1,586","1,045","1,267","1,378",493,"1,562"
6/26/2007,26,6,2007,"1,290","1,367","1,702","1,452","1,509","1,292","2,594","1,277","1,185",891,859,932,"1,728","1,808","1,502",970,"1,006",365,470,482
7/12/2007,12,7,2007,"1,549","1,301","1,927","1,397","1,579","1,326","2,145","1,311","1,203",981,944,"1,150","1,527","1,533","1,353",941,"1,044","1,002",696,"1,157"
7/28/2007,28,7,2007,"1,865","1,442","1,790","1,507","1,461","1,126","1,730","1,417","1,215","1,132",830,"1,102","2,038","1,321","1,298","1,079","1,143","1,064",751,"1,397"
8/13/2007,13,8,2007,"1,287","1,085","1,753","1,774","1,395","1,338","1,467","1,379","1,116",999,665,"1,150","1,992","1,328",713,988,"1,004",990,878,"1,324"
8/29/2007,29,8,2007,"1,186","1,214","1,534","1,794","1,377","1,305","1,451","1,226","1,000",926,760,"1,105","1,675","1,341",699,878,"1,014","1,046",819,"1,220"
9/14/2007,14,9,2007,"1,225","1,036","1,419","1,511","1,276","1,145","1,360","1,209","1,026",956,787,984,"1,636","1,222",823,952,"1,032",800,930,"1,291"
9/30/2007,30,9,2007,"1,246","1,408","1,337","1,167","1,076","1,169","1,447","1,183","1,050",248,729,"1,059","1,636",737,"1,088",836,881,734,827,"1,324"
10/16/2007,16,10,2007,"1,298","1,359","1,686","1,172","1,173","1,117","1,365","1,208",932,778,850,"1,193","1,388","1,006",960,971,"1,009","1,030","1,138","1,460"
11/1/2007,1,11,2007,"1,381","1,412","1,447","1,108","1,405","1,090","1,480","1,278","1,044",824,814,"1,020","1,333","1,211","1,145",721,"1,007","1,052",999,"1,375"
11/17/2007,17,11,2007,"1,110","1,435","1,524",871,"2,113","3,162","3,338","1,361",898,866,754,935,"1,194","1,195",942,908,855,"1,184","1,082","1,628"
12/3/2007,3,12,2007,"1,161","1,235","1,673","1,089","2,060","2,157","3,314","1,277","1,017",882,610,944,"1,440","1,421","1,333",977,905,"1,128","1,221","2,364"
12/19/2007,19,12,2007,"1,314","2,294","2,039","1,119","2,098","1,939","3,557","2,525","1,708","1,362","1,477","1,211","1,602","1,786","2,161",735,"1,164","1,378","1,787","2,694"
1/1/2008,1,1,2008,"1,314","2,294","2,414","1,119","2,447","1,726","3,557","2,525","1,340","1,187","1,434","1,233","1,602","1,662","2,161","1,065","1,102","1,268","1,338","2,441"
1/17/2008,17,1,2008,"1,225","1,584","2,632","1,306","2,094","1,460","2,528","2,205","1,051","1,622","1,171","1,054","1,667","1,417","1,697","1,186",974,"1,648","1,554","1,809"
2/2/2008,2,2,2008,"1,421","1,932","2,161","1,544","1,445","2,356","1,798","1,632","1,069","1,529","1,495","1,130","1,416","1,393","2,675","1,377","1,014","1,483","1,275","2,952"
2/18/2008,18,2,2008,"2,336","3,203","3,287","2,466","1,711","3,399","2,904","3,609","2,223","1,971","1,782","1,715","2,579","2,839","2,616","2,362","1,150","1,498","3,336","2,306"
3/5/2008,5,3,2008,"2,439","1,925","2,775","1,868","1,217","2,481","1,898","2,189","1,399","1,885","1,662","2,954","2,520","2,380","2,172","1,868","1,145","2,183","2,190","2,475"
3/21/2008,21,3,2008,"2,922","3,205","3,390","2,894","1,179","3,528","3,274","4,583","1,500","2,525","1,949","2,904","6,292","2,711","2,708","1,569","1,848","4,872","2,799","3,304"
4/6/2008,6,4,2008,"5,475","4,741","3,631","4,231","3,267","1,548","4,100","5,158","2,566","3,466","1,877","3,759","6,089","3,446","4,595","3,050","1,453","3,043","4,716","4,855"
4/22/2008,22,4,2008,"2,446","1,758","4,446","2,287","3,113","2,780","4,321","2,964","2,166","1,984","1,593","2,574","3,937","2,021","2,826","1,529","2,354","2,726","5,156","5,051"
5/8/2008,8,5,2008,"2,168","1,793","2,939","1,835","3,101","1,320","4,212","2,358","1,675","2,042","2,016","2,375","4,051","1,958","2,126","1,603","1,602","3,073","3,715","4,770"
5/24/2008,24,5,2008,"1,561","1,803","3,170","1,636","2,071","1,792","3,497","2,156","1,394","1,213","1,412","1,161","3,238","1,441","1,942","1,055","1,114","1,863","2,474","2,317"
6/9/2008,9,6,2008,"2,129","1,446","1,909","1,541","1,709","1,431","3,971","1,815","1,258",993,972,"1,350","2,813","1,376","1,593","1,035","1,315",530,"2,427","1,228"
6/25/2008,25,6,2008,"1,541","1,154","2,678","1,443","1,694","1,224","2,812","1,613","1,191","1,106",999,"1,287","2,830","1,511","1,515","1,110","1,347","2,196","2,111","2,815"
7/11/2008,11,7,2008,"1,761","1,189","1,978","1,327","1,443","1,253","2,024","1,383","1,083",986,658,"1,098","1,989","1,231","1,262",954,949,"1,859","1,984","2,119"
7/27/2008,27,7,2008,"1,395","1,325","1,620","1,478","1,570",775,"1,777","1,439","1,061","1,225",758,966,"2,708","1,076","1,262",946,"1,189","1,842","1,944","2,014"
8/12/2008,12,8,2008,"1,436","1,113","1,953","1,322","1,338","1,407","1,754","1,507","1,039",878,679,"1,174","2,943","1,146","1,243","1,024",906,"1,789","1,722","1,954"
8/28/2008,28,8,2008,"1,258","1,141","1,800","1,277","1,267","1,279","1,737","1,402",991,796,675,"1,110","2,660","1,076","1,370",872,973,"1,457","1,645","1,829"
9/13/2008,13,9,2008,"1,408","1,199","1,447","1,232","1,126","1,344","1,287","1,319",966,852,809,947,"1,996","1,209","1,232",920,946,"1,332","1,864","1,507"
9/29/2008,29,9,2008,"1,349","1,295","1,701","1,218","1,364","1,253","1,403","1,372","1,043",928,725,"1,033","1,736","1,247","1,280",945,"1,039","1,966","1,608","1,543"
10/15/2008,15,10,2008,"1,461","1,108","1,472","1,116","1,680","1,302","1,362","1,207",886,822,753,"1,056","1,570","1,360","1,058",764,755,"1,156","1,646","1,393"
10/31/2008,31,10,2008,"1,152","1,105","1,428","1,100","1,610","1,470","1,280","1,161","1,234","1,404",742,881,"1,698","1,324","1,113","1,214","1,155","1,443","1,595","1,601"
11/16/2008,16,11,2008,"1,145","1,264","2,601","1,590","2,068","3,209","4,208","1,426","1,267","1,288","1,031","1,962","2,898","2,325","1,518","1,627","1,701","1,905","2,121","2,105"
12/2/2008,2,12,2008,"1,229","1,377","2,635","1,431","1,712","2,623","4,997","1,533","1,254","1,285",944,"1,242","2,563","1,478","1,598","1,761","2,166","3,159","2,046","2,669"
12/18/2008,18,12,2008,"1,124","1,168","2,268","1,268","1,549","2,251","3,426","1,405","1,074","1,291",667,"1,204","1,669","1,464","1,272","1,157","1,191","2,485","1,743","2,018"
1/1/2009,1,1,2009,"1,377","1,155","1,977","1,261","1,482","1,759","2,793","1,217",996,909,805,"1,020","1,682","1,227","1,138","1,005","1,083","1,681","1,488","1,697"
1/17/2009,17,1,2009,"1,118",954,"1,841","1,184","1,417","1,564","2,037","1,140",954,984,707,"1,173","1,434","1,122","1,393",909,841,"1,294","1,409","1,534"
2/2/2009,2,2,2009,"1,278","1,455","1,746","1,261","1,477","1,383","2,544","1,186","1,061",957,"1,046",772,"1,566","1,178","1,596","1,105",883,"1,376","1,249","1,476"
2/18/2009,18,2,2009,"1,309","1,136","1,587","1,265","1,233","1,504","2,106",985,"1,105",766,831,948,"1,343","1,269","1,314",838,861,"1,298","1,133","1,279"
3/6/2009,6,3,2009,"1,252","1,132","1,507","1,004","1,171","1,250","2,702","1,183",985,873,"1,040",885,"1,399","1,258","1,096",825,803,"1,222","1,230","1,337"
3/22/2009,22,3,2009,"1,165","1,190","1,454","1,153","1,126","1,203","1,966","1,143",909,833,792,794,"1,376","1,165","1,178",782,745,"1,069","1,153","1,575"
4/7/2009,7,4,2009,"1,262","1,379",537,"1,330","1,713","1,647","1,493","1,155","1,186",931,"1,093","1,076","2,024","1,613","1,155","1,247",800,"2,450","1,313","3,113"
4/23/2009,23,4,2009,"1,458","1,657","1,232","1,705","2,027","1,887","2,508","1,875","1,349","1,110","1,129","1,668","1,549","1,985","1,723","1,442","1,228","3,514","1,221","4,202"
5/9/2009,9,5,2009,"1,278","1,372","1,591","1,643","1,897","1,518","1,813","1,075","1,162","1,238",772,597,"2,404","1,947","1,466",973,"1,135","1,685","1,895","4,953"
5/25/2009,25,5,2009,"1,528","1,572","1,598","1,466","2,283","1,305","1,581","1,211","1,103","1,297",737,"1,226","1,661","1,707","1,177",886,803,"1,762","1,596","2,205"
6/10/2009,10,6,2009,"1,301","1,210","1,467","1,324","1,462","1,338","1,341","1,190",952,"1,042",705,"1,009","1,327","1,339","1,082",849,820,"1,332","1,338","1,886"
6/26/2009,26,6,2009,"1,197",994,"1,224","1,267","1,361","1,285","1,217","1,049",922,717,679,867,"1,282","1,148",978,742,750,"1,044","1,202","1,461"
7/12/2009,12,7,2009,"1,183",994,"1,370","1,204","1,155","1,242","1,197","1,072",976,663,642,856,"1,233","1,302","1,036",850,731,"1,453","1,100","1,561"
7/28/2009,28,7,2009,"1,117",939,"1,120","1,153","1,089","1,027","1,036","1,018",943,700,485,857,"1,213","1,030","1,044",745,707,"1,155","1,109","1,243"
8/13/2009,13,8,2009,"1,111",811,"1,125","1,075","1,082","1,146","1,003",962,931,775,523,946,"1,300",982,"1,059",757,850,932,"1,153","1,207"
8/29/2009,29,8,2009,"1,065","1,034","1,323","1,207","1,270","1,263","1,172","1,051",887,838,528,766,"1,293",975,944,750,673,"1,179","1,086","1,352"
9/14/2009,14,9,2009,"1,137","1,087","1,156","1,078","1,182","1,169","1,095","1,071",968,726,532,843,"1,360",992,"1,001",747,783,"1,027","1,155","1,255"
9/30/2009,30,9,2009,"1,247","1,086","1,326","1,047","1,301","1,398","1,143","1,151",871,793,512,848,"1,402","1,022",930,683,831,855,"1,064","1,095"
10/16/2009,16,10,2009,"1,190","1,289","1,248",627,"1,284","1,439","1,021","1,199",918,947,525,850,"1,418","1,007","1,020",737,693,"1,128","1,222","1,388"
11/1/2009,1,11,2009,"1,274","1,162","1,372","1,641","2,150","1,515","1,000","1,026","1,035",908,476,848,"1,328","1,151",956,789,658,"1,080","1,219","1,365"
11/17/2009,17,11,2009,955,"1,210","1,089","2,066","2,767","1,650","3,954","1,823","1,055","1,311",644,825,"3,079","1,289","1,093",584,684,"1,796",619,"2,174"
12/3/2009,3,12,2009,"1,399","1,060","2,109","2,195","3,888","2,346","5,414","2,013","1,052","1,513",913,"1,296","2,748","1,184","1,392",914,"1,102","1,508","2,587","2,198"
12/19/2009,19,12,2009,"1,361","1,596","2,228","1,346","3,599","3,474","4,077","3,771",877,790,"1,014",871,"1,648","1,151","1,069","1,130","1,459","1,766","1,508","1,772"
1/1/2010,1,1,2010,"2,534","2,219","3,304","3,150","3,213","4,518","4,722","4,155","2,530","1,807","2,184","3,494","5,991","3,612","2,818","1,597","2,114","2,165","4,954","3,273"
1/17/2010,17,1,2010,"3,253","1,598","3,403","1,853","2,736","3,347","3,618","3,341","1,546","1,374","1,867","1,996","3,877","3,295","2,960","1,039","1,161","1,600","4,845","2,340"
2/2/2010,2,2,2010,"1,739","1,787","4,025","1,769","2,051","2,518","2,679","2,506","1,584","1,301","1,503","1,390","2,982","2,208","1,911",890,"1,123","1,545","3,371","2,089"
2/18/2010,18,2,2010,"3,981","3,777","2,758","1,901","1,849","1,657","2,700","2,090","2,643","1,416","1,783","2,713","4,559","1,979","3,478","1,456",797,"1,509","4,518","1,519"
3/6/2010,6,3,2010,"2,349","3,053","4,491","1,761","1,817","1,840","1,955","2,529","1,595","1,676","1,566","1,932","3,357","1,975","3,069","1,509","1,055","1,179","3,148","1,632"
3/22/2010,22,3,2010,"2,704","3,792","4,929","1,656","1,477","2,431","4,030","3,367","1,282","1,911","1,225","1,665","5,489","1,803","4,756","1,863",905,"2,457","4,722","2,495"
4/7/2010,7,4,2010,"2,794","3,097","4,243","2,700","3,004","3,406","4,905","3,471","2,298","2,667","1,931","1,751","2,758","3,083","3,281","1,855","1,505","3,247","3,406","2,227"
4/23/2010,23,4,2010,"1,318","2,575","4,238","1,523","1,177","2,794","5,423","1,821","1,904","1,499","1,080","1,643","4,338","3,063","2,557","1,438",999,"1,598","2,725","4,726"
5/9/2010,9,5,2010,"2,599","2,828","2,748","1,492","2,169","2,202","5,380","2,711","1,438",940,"1,192","1,240","2,227","2,107","2,076","1,088",575,"1,451","2,178","5,515"
5/25/2010,25,5,2010,"2,726","1,713","3,952","1,422",877,"1,671","4,595","1,817","1,190","1,267","1,118","1,407","2,913","1,834","1,605",918,772,696,"1,656","3,265"
6/10/2010,10,6,2010,"1,906","1,841","4,935","1,433","1,477","1,322","3,845","1,905","1,209","1,139",777,"1,240","1,968","1,825","2,232",847,935,"1,617","1,564",813
6/26/2010,26,6,2010,"1,426","1,620","2,101","1,281","1,002","1,531","3,411","1,547","1,054",905,769,860,"1,747","1,348","2,829",804,761,"1,749","1,074","1,649"
7/12/2010,12,7,2010,"1,517","1,317","2,467","1,192","1,121","1,332","2,903","1,528","1,024",880,658,896,"1,790","1,058","1,580",811,799,"1,034","1,484","1,765"
7/28/2010,28,7,2010,"1,690","1,416","1,756","1,158","1,187","1,381","2,095","1,551","1,097",842,686,869,"1,747","1,434","1,444",854,726,"3,715","1,575","1,693"
8/13/2010,13,8,2010,"1,308","1,355","1,718","1,199","1,252","1,301","2,004","1,472","1,021",774,676,907,"1,635","1,091","1,295",783,745,948,"1,315","1,402"
8/29/2010,29,8,2010,"1,694","1,153","1,541","1,280","1,274","1,417","1,937","1,377","1,040",869,640,861,"1,720","1,293","1,200",868,742,"1,140","1,415","1,471"
9/14/2010,14,9,2010,"1,437","1,401","1,752","1,224","1,179","1,066","1,550","1,460",898,829,557,977,"1,146","1,227","1,222",831,846,991,"1,642","1,295"
9/30/2010,30,9,2010,"1,858","1,131","1,518","1,261","1,154","1,113","1,517","1,561",948,942,902,869,"1,420","1,113","1,504",844,645,947,"1,577","1,227"
10/16/2010,16,10,2010,"1,626","1,039","1,442","1,214","1,323","1,260","1,397","1,339","1,109",921,655,986,"1,302","1,393","1,221",730,826,943,"1,546","1,181"
11/1/2010,1,11,2010,"1,114",928,"1,704","1,253","1,305","1,271","2,298","1,456","1,002",891,594,"1,027","1,442","1,558","1,128",713,702,965,"1,896","1,257"
11/17/2010,17,11,2010,"1,274","1,052","2,314","1,124","1,796","1,940","3,999","1,663",862,751,620,907,"2,209","1,396",911,628,670,999,"2,385","1,783"
12/3/2010,3,12,2010,"1,474","1,189","2,741","1,741","1,690","3,106","2,569","2,482","1,334","1,100",639,"1,761","2,489","1,898","1,276",787,"1,066","1,047","2,555","1,276"
12/19/2010,19,12,2010,"1,349","1,223","3,355","1,700","1,438","3,104","2,591","2,501","1,107","1,112",653,"1,515","2,553","1,772","1,070",817,"1,127","1,040","2,639","1,365"
1/1/2011,1,1,2011,"1,238","1,052","3,246","1,732","1,438","2,454","2,546","1,774","1,107",839,758,"1,515","4,518","1,464","1,340",817,"1,195","1,075","2,612","1,597"
1/17/2011,17,1,2011,"1,208","1,358","3,879","1,486","1,413","1,952","3,051","1,718",924,984,647,"1,132","2,724","1,118","1,244",676,"1,018","1,117","1,899","1,433"
2/2/2011,2,2,2011,"1,091","1,131","3,298","1,309","1,128","1,435","2,425","1,036",991,767,540,"1,031","2,824","1,289","1,124",706,825,994,"1,577","1,618"
2/18/2011,18,2,2011,"1,438","1,645","2,955","1,937","1,389","1,699","2,696","1,549","1,009","1,144",521,964,"3,232","1,621","2,012",823,774,"1,390","1,455","1,650"
3/6/2011,6,3,2011,"2,045","2,379","4,144","1,585","1,450","1,742","2,254","1,355","1,097",850,506,"1,157","2,613","1,515","1,751",874,787,"1,495","1,527","1,733"
3/22/2011,22,3,2011,"4,692","3,152","3,774","2,202","1,994","2,570","3,577","2,081",907,"1,143",956,"1,895","2,409","1,504","2,677","1,855","2,746","3,738","3,857","1,345"
4/7/2011,7,4,2011,"2,655","1,597","4,859","1,960","3,380","4,675","4,045","1,446","1,330",885,"1,470","1,493","3,951","1,612","3,181","2,502","1,902","5,009","3,497","2,388"
4/23/2011,23,4,2011,"1,560","1,457","2,287","1,525","2,162","2,473","3,177","1,602","1,199",959,"1,147","1,236","5,137","1,294","1,990","1,365","1,335","2,351","2,613","3,044"
5/9/2011,9,5,2011,"2,342","1,458","1,860","1,440","3,036","1,669","3,223","1,529","1,180","1,207",577,"1,079","1,838","1,677","1,548","1,198","1,376","1,135","2,468","1,235"
5/25/2011,25,5,2011,"1,284","1,577","1,914","1,399","1,707","1,608","3,047","1,200","1,009",835,737,"1,163","2,971","1,140","1,332",850,910,"1,419","2,400","1,470"
6/10/2011,10,6,2011,"1,255","1,255","2,115","1,275","1,380","1,376","2,198","1,351","1,003",801,605,"1,073","3,097","1,082","1,265",831,930,"1,116","1,811","1,201"
6/26/2011,26,6,2011,"1,246","1,357","2,055","1,324","1,221","1,364","1,543","1,228","1,001",923,494,925,"1,597","1,093","1,317",835,727,"1,303","1,478","1,132"
7/12/2011,12,7,2011,"1,285","1,015","1,496","1,216","1,266","1,246","1,550","1,143","1,051",815,558,837,"1,695","1,031","1,117",760,707,"1,052","1,417","1,285"
7/28/2011,28,7,2011,"1,388","1,123",656,"1,256",490,"1,241","1,452","1,262",908,831,549,972,"1,433",872,"1,277",798,830,684,"1,349",921
8/13/2011,13,8,2011,"1,409","1,003","1,702","1,299","1,259","1,292","1,542","1,257","1,035",886,601,915,"1,736","1,037","1,250",852,874,"1,250","1,373","1,303"
8/29/2011,29,8,2011,"1,269","1,223","1,260","1,230","1,105","1,309","1,202","1,087","1,062",667,622,782,"1,656",995,"1,105",727,808,"1,099","1,185","1,443"
9/14/2011,14,9,2011,"1,261","1,101","1,306","1,075","1,025","1,069","1,339","1,203",893,814,517,853,"1,599","1,005","1,075",696,692,"1,147","1,212","1,164"
9/30/2011,30,9,2011,"1,288","1,578","1,651","1,308","1,269","1,330","1,227","1,227",961,767,508,868,"1,488",788,"1,234",783,826,916,"1,313","1,422"
10/16/2011,16,10,2011,"1,099","1,116","1,793","1,192","1,235","2,303","1,281","1,141",854,661,483,760,"1,653",976,"1,007",698,658,"1,089","1,154","1,173"
11/1/2011,1,11,2011,"1,407","2,038","2,499","1,367","1,065","2,256","1,326","1,434",922,781,476,"1,000","1,827","1,354","1,183",705,678,939,"1,520","1,218"
11/17/2011,17,11,2011,"4,150","2,632","4,143","4,222","1,689","3,752","2,079","2,734","1,715","1,062",583,"3,944","3,239","2,692","1,889","2,318","2,527","2,892","3,190","2,439"
12/3/2011,3,12,2011,"2,875","2,320","3,280","4,768","1,301","2,686","2,196","3,316","1,570","1,857","1,379","2,070","4,075","3,399","1,804","2,118","2,911","4,275","3,684","5,029"
12/19/2011,19,12,2011,"2,840","3,213","3,473","3,789","1,231","2,059","2,173","2,610","1,758","1,833","2,185","2,633","4,627","2,819","2,426","2,799","2,686","4,556","3,522","5,708"
1/1/2012,1,1,2012,"1,764","2,138","2,738","3,035","1,326","1,462","1,549","2,001","1,824","1,330","1,731","1,362","3,973","2,290","2,461","1,637","1,748","2,777","3,353","5,033"
1/17/2012,17,1,2012,"1,507","1,578","2,497","2,608","1,114","1,337","1,351","1,618","1,834","1,269","1,099",990,"3,141","1,361","1,699","1,161","1,268","2,277","2,342","4,316"
2/2/2012,2,2,2012,"1,081","1,451","2,216","1,981","1,096","1,445","1,197","1,379","1,125",702,674,927,"2,928","1,298","1,528",877,"1,207","1,886","1,902","2,999"
2/18/2012,18,2,2012,"1,196","1,106","2,378","1,926","1,121","1,491","1,147","1,127",992,656,675,923,"1,339","1,286","1,176",806,794,"1,542","1,853","2,244"
3/5/2012,5,3,2012,"1,180","1,713","2,530","1,859","1,684","2,196","1,809","1,568","1,227",831,806,"1,027","3,304","2,209","1,795",977,912,"1,425","1,991","2,869"
3/21/2012,21,3,2012,"1,184","1,573","2,558","1,740","1,610","1,961","1,584","1,720","1,284",994,690,"1,044","3,121","1,771","1,283",800,"1,041","1,384","2,085","2,147"
4/6/2012,6,4,2012,"2,361","2,141","3,756","2,381","1,683","2,734","1,731","2,108","1,594",834,758,"1,475","4,163","1,839","2,473",877,"1,103","1,761","2,519","1,721"
4/22/2012,22,4,2012,"4,009","2,992","2,984","3,849","2,679","3,456","2,953","1,718","1,603","1,355","2,076","1,799","7,147","2,993","3,528","2,113","2,846","3,563","3,675","4,577"
5/8/2012,8,5,2012,"5,773","4,000","4,087","4,590","2,401","3,258","3,348","2,642","2,078","1,026","2,646","1,869","5,832","2,737","3,161","1,711","1,837","1,563","4,255","3,182"
5/24/2012,24,5,2012,"4,414","3,359","3,686","4,627","2,173","2,202","3,222","1,829","1,480",913,"2,094","1,450","3,928","2,424","2,866","1,291","1,614","2,025","3,412","2,150"
6/9/2012,9,6,2012,"3,885","2,138","2,882","3,162","1,644","1,505","1,886","1,452","1,286",996,"1,151","1,309","2,235","1,642","1,703",938,"1,234","1,823","2,096",722
6/25/2012,25,6,2012,"2,644","1,874","3,097","2,285","1,529","1,444","1,610","1,347","1,141",923,"1,046",974,"2,315","1,522","1,704",794,985,"1,505","1,768","1,555"
7/11/2012,11,7,2012,"2,494","1,568","2,515","2,236","1,390","1,257","1,348","1,153",985,771,751,903,"2,398","1,255","1,359",741,917,"1,342","1,819","1,571"
7/27/2012,27,7,2012,"2,252","1,407","2,233","1,682","1,117","1,222","1,142","1,160",981,831,622,848,"2,119","1,114","1,324",833,858,"1,174","1,612","1,279"
8/12/2012,12,8,2012,"1,470","1,225","2,163","1,697","1,187","1,190","1,125","1,130",895,759,716,844,"1,387","1,185","1,287",700,854,"1,237","1,451","1,225"
8/28/2012,28,8,2012,"1,490","1,359","2,138","1,676",767,"1,421","1,171","1,244",814,854,621,923,"1,611",977,"1,422",834,811,"1,164","1,485","1,165"
9/13/2012,13,9,2012,"1,627","1,425","1,861","1,464","1,098","1,136",954,"1,093",906,759,716,811,"1,655",976,"1,149",695,803,"1,107","1,374","1,170"
9/29/2012,29,9,2012,"1,386","1,214","1,700","1,432","1,037","1,105",920,"1,038",810,683,585,880,"1,724","1,047","1,197",710,820,"1,176","1,407","1,083"
10/15/2012,15,10,2012,"1,263","1,206","1,887","1,426","1,284","1,456",904,"1,126",922,807,581,860,"1,504","1,086","1,232",670,811,"1,106","1,456","1,200"
10/31/2012,31,10,2012,"2,028","3,150","2,897","2,587","2,246","2,584","1,025","2,002","1,411","1,242","1,182","2,016","3,743","1,670","1,846",963,952,"1,934","1,761","2,425"
11/16/2012,16,11,2012,"2,836","2,846","2,103","3,035","2,504","2,947","1,311","2,174","1,121","1,054",932,"2,092","5,630","1,824","2,206","1,056",809,"1,695","2,159","2,702"
12/2/2012,2,12,2012,"1,722","2,227","3,157","2,887","1,761","1,934","1,082","1,621","1,040",979,848,"1,333","3,034","1,499","1,922",880,997,"1,373","1,749","1,465"
12/18/2012,18,12,2012,"2,800","3,685","2,658","1,889","1,955","1,599","2,673","3,765",977,"1,227","1,528","1,947","3,433","1,160","2,718","1,538","1,361","1,430","1,413","2,145"
1/1/2013,1,1,2013,"2,800","3,685","3,177","4,052","1,955","1,477","2,829","4,565","1,772","1,227","2,040","1,947","3,433","1,970","2,718","1,538","1,361","1,138","4,359","2,486"
1/17/2013,17,1,2013,"2,536","2,653","3,077","2,904","1,438","1,406","1,927","2,332","1,197","1,204","1,139",943,"3,504","1,359","2,045",957,928,"1,035","3,680","1,883"
2/2/2013,2,2,2013,"2,263","1,854","3,087","2,278","1,498","1,472","2,527","2,292",997,"1,001",855,879,"3,820","1,187","1,427",777,860,"1,028","2,369","1,655"
2/18/2013,18,2,2013,"1,693","1,702","2,653","2,258","1,256","1,373","1,704","1,377","1,039",800,656,859,"1,733","1,165","1,439",701,799,"1,115","1,516","1,824"
3/6/2013,6,3,2013,"1,201","1,939","1,771","1,771","1,024",679,"1,864","1,427","1,180",855,723,777,"2,607","1,415","1,628",755,947,"1,370","2,198","2,217"
3/22/2013,22,3,2013,"1,464","2,497","2,526","2,615","2,151","1,872","4,116","1,821","1,484","1,113","1,139",820,"5,646","2,022","1,954","1,288","2,357","3,929","4,000","5,480"
4/7/2013,7,4,2013,"3,535","3,478","2,073","3,766","3,366","3,974","5,060","4,916","2,234","1,300","1,031","1,226","7,007","4,111","2,787","2,553","3,506","8,593","4,915","4,053"
4/23/2013,23,4,2013,"4,830","3,734","4,029","2,710","2,194","3,127","4,991","3,694","2,556","2,152","1,648","1,509","7,218","4,066","2,273","1,525","1,625","7,438","6,254","2,917"
5/9/2013,9,5,2013,"4,294","2,759","3,401","1,481","4,157","2,129","3,469","2,762","2,345","1,179","1,189","1,404","6,398","4,057","3,401","1,199","1,966","5,457","5,065","4,858"
5/25/2013,25,5,2013,"4,656","2,054","3,193","1,948","3,301","2,012","3,112","2,321","1,439","1,017",826,"1,314","4,373","2,433","2,268","1,036","1,312","3,055","3,134","3,369"
6/10/2013,10,6,2013,"2,016","1,557","3,817","1,063","1,974","1,384","2,287","2,044","1,205",860,823,946,"2,768","1,596","1,432",826,905,"1,933","2,476","1,920"
6/26/2013,26,6,2013,"3,270","1,679","2,484","1,486","1,654","1,374","1,574","1,649","1,241",742,675,"1,042","2,636","1,971","1,431","1,000","1,025","2,108","2,366","1,963"
7/12/2013,12,7,2013,"2,347","1,267","2,546","1,312","1,578","1,297","1,615","1,459","1,050",791,703,851,"2,730","1,110","1,275",825,"1,069","2,321","2,014","1,921"
7/28/2013,28,7,2013,"1,523","1,201","2,376",769,"2,252","1,254","1,333","1,365","1,161",726,554,978,"2,427",952,"1,245",748,933,"2,628","2,125","1,451"
8/13/2013,13,8,2013,"1,440","1,210","2,155","1,402","1,554","1,360","1,302","1,277",990,792,672,784,"1,813","1,115","1,290",770,905,"1,459","1,559","1,781"
8/29/2013,29,8,2013,"1,753","1,248","2,372","1,253","1,265","1,354","1,163","1,298",940,822,632,838,"1,704",897,"1,236",772,855,"1,829","2,003","1,523"
9/14/2013,14,9,2013,"1,904","1,399","2,259","1,450","1,244","1,440","1,274","1,453","1,086",885,507,914,"1,828","1,108","1,307",736,"1,042","1,838","1,828","1,633"
9/30/2013,30,9,2013,"1,505","1,172","2,155","1,185","1,349","1,322","1,001","1,141",977,749,534,817,"1,702","1,033","1,284",710,775,"1,689","1,595","1,380"
10/16/2013,16,10,2013,"1,357","1,163","1,781","1,150","1,270","1,127","1,097","1,204",843,739,534,794,"1,675",935,"1,187",730,774,"1,670","1,480","1,300"
11/1/2013,1,11,2013,"1,392","1,490","2,507","1,335","1,300","1,660","1,437","1,230",897,700,518,437,"1,872","1,195","1,198",657,674,"1,381","1,342","1,319"
11/17/2013,17,11,2013,"1,207","1,527","2,042","1,344","1,639","1,965","1,454","1,485",941,665,599,770,"1,913","1,309","1,162",669,719,"1,398","1,328","1,238"
12/3/2013,3,12,2013,"1,104","1,197","1,732","1,944","1,897","2,672","3,813","2,019",906,690,842,829,"2,693","1,074","1,048","1,006","1,149","1,873","1,360","2,384"
12/19/2013,19,12,2013,"2,081","2,217","3,270","3,072","1,778","2,776","2,831","2,847","1,552","1,296","1,750","1,706","5,279","1,518","2,583","1,880","2,532","3,623","2,397","3,351"
1/1/2014,1,1,2014,"1,773","2,105","3,270","3,072","1,623","2,776","1,808","2,729","1,552","1,296","1,750","1,706","5,279","2,033","2,666","1,549","2,123","3,623","2,397","3,241"
1/17/2014,17,1,2014,"1,850","1,723","3,032","2,600","1,630","2,066","1,316","2,044","1,275","1,142",921,"1,178","3,103","1,516","2,007","1,070","1,366","2,506","1,716","2,307"
2/2/2014,2,2,2014,"1,499","1,478","2,831","1,857","1,247","1,538","1,134","1,544","1,095",849,678,852,"2,329","1,267","1,642",853,979,"1,691","1,565","1,976"
2/18/2014,18,2,2014,"1,870","1,694","3,283","3,593","2,078","2,398","2,625","2,885","1,611","1,167",740,"2,257","2,365","1,969","1,684","1,063","1,569","1,736","3,076","1,604"
3/6/2014,6,3,2014,"1,727","1,616","3,649","2,604","2,298","2,540","2,880","2,965","1,485","1,358",566,"2,086","2,870","1,651","1,857","1,302","1,251","1,668","2,265","1,891"
3/22/2014,22,3,2014,"1,615","2,333","3,610","3,119","3,312","3,087","3,171","2,797","1,750","1,673",907,"1,986","3,484","1,578","2,198","1,258","1,448","1,917","2,019","2,182"
4/7/2014,7,4,2014,"1,719","2,538","2,799","2,832","3,210","3,486","1,729","2,257","1,217","1,389",881,"1,200","3,732","1,524","2,290","2,479","2,146","4,227","1,532","3,846"
4/23/2014,23,4,2014,"1,329","2,750","2,600","2,256","3,463","2,962","4,151","1,428",997,"1,097",706,828,"4,741","1,211","1,979","2,865","2,147","2,004","3,433","5,714"
5/9/2014,9,5,2014,"1,312","2,359","1,826","2,542","2,525","2,608","4,668","1,315",942,922,533,783,"5,086","1,197","1,603","1,172","1,156",687,"2,155","1,963"
5/25/2014,25,5,2014,"1,005","1,449","1,680","1,693","1,911","1,926","4,947","1,194",899,913,543,877,"4,474","1,117","1,416",936,940,"1,577","2,009","2,348"
6/10/2014,10,6,2014,"1,227","1,274","1,761","1,392","1,629","1,492","4,342","1,190",868,749,629,785,"4,566",910,"1,138",792,988,"1,843","1,383","1,854"
6/26/2014,26,6,2014,"1,320","1,175","1,410","1,233","1,242","1,520","3,413","1,161",804,876,489,938,"4,392","1,073","1,133",860,796,"1,227","1,470","1,335"
7/12/2014,12,7,2014,"1,405",992,"1,619","1,246","1,211","1,300","2,532","1,170",906,659,455,833,"2,668","1,018","1,194",734,801,993,"1,331","1,272"
7/28/2014,28,7,2014,"1,166","1,125","1,445","1,336",711,"1,393","1,619","1,101",900,782,571,806,"2,507",866,"1,036",758,"1,099",478,"1,447","1,321"
8/13/2014,13,8,2014,"1,200","1,129","1,719","1,252","1,279","1,109","1,260","1,142",921,851,449,825,"2,327","1,032","1,130",799,726,"1,080","1,423","1,313"
8/29/2014,29,8,2014,"1,298","1,131","1,617","1,249","1,173","1,558","1,375","1,199",979,717,530,705,"1,928","1,036",984,691,755,"1,201","1,257","1,167"
9/14/2014,14,9,2014,"1,183","1,280","1,383","1,557","1,169","1,169","1,342","1,147",934,663,498,707,"1,830","1,084",955,751,835,"1,098","1,227","1,391"
9/30/2014,30,9,2014,"1,286","1,567","1,083","1,674","1,300","1,401","2,003","1,172",900,814,505,846,"1,491","1,120","1,171",794,773,"1,220","1,363",943
10/16/2014,16,10,2014,"1,171","1,161","1,915","1,456","1,116","1,415","1,769","1,485",851,877,460,958,"1,787","1,364","1,028",721,707,928,"1,299","1,182"
11/1/2014,1,11,2014,"1,006","1,419","1,518","1,553","1,375","2,167","1,902","1,437","1,035",888,400,900,"1,709","1,288","1,159",671,777,"1,099","1,204","1,332"
11/17/2014,17,11,2014,"1,120","1,310","2,174","1,449","1,506","2,564","2,969","1,450","1,022",804,434,850,"1,734","1,146","1,015",657,661,"1,168","1,341","1,682"
12/3/2014,3,12,2014,"1,180","1,868","3,517","2,325","2,707","2,686","2,898","1,544","1,344","1,055",627,"1,087","2,787","1,619","1,574",926,"1,335","1,895","1,370","2,716"
12/19/2014,19,12,2014,"1,083","2,300","3,112","2,656","2,480","2,927","3,161","2,233","1,512","1,306","1,279","2,169","2,545","1,648","2,482","1,947","2,602","4,292","1,376","3,867"
1/1/2015,1,1,2015,"1,468","2,245","3,062","2,213","1,909","1,952","2,267","2,701","1,518","1,328","2,788","1,166","1,969","1,264","2,781","1,399","2,609","4,155","1,205","3,778"
1/17/2015,17,1,2015,"1,170","2,398","2,516","1,784","1,910","1,910","1,549","1,512","1,114","1,233","1,936",886,"2,098",909,"2,110","2,477","1,737","2,632","1,163","3,418"
2/2/2015,2,2,2015,"1,088","1,434","2,184","1,552","1,487","1,358","1,342","1,384","1,007",883,885,895,"1,483",952,"1,540",942,"1,343","1,562","1,112","2,398"
2/18/2015,18,2,2015,"1,534","2,343","3,119","2,221","2,111","2,321","1,520","1,491","1,108","1,036",788,"1,308","2,537","1,408","1,421","1,103","1,303","2,101","1,485","2,317"
3/6/2015,6,3,2015,"1,148","1,433","1,911","1,686","1,598","1,807","1,169","1,042",930,788,570,915,"1,744","1,193","1,274",888,"1,062","1,091","1,209","1,835"
3/22/2015,22,3,2015,"1,217","1,416","2,281","1,711","1,568","2,273","1,365","1,149","1,007",794,671,875,"1,518","1,139","1,385",769,885,"1,446","1,771","1,623"
4/7/2015,7,4,2015,"1,276","1,544","2,441","1,669","2,171","2,430","1,752","1,620","1,098","1,102","1,073","1,119","1,509","1,381","2,021",944,"1,287","2,099","2,507","2,325"
4/23/2015,23,4,2015,"2,058","1,679","2,415","2,369","1,870","2,404","3,833","1,556","1,111",985,"1,595","1,459","1,520","1,736","2,207","1,371",475,"2,772","3,032","1,031"
5/9/2015,9,5,2015,"1,783","2,169","2,918","2,306","2,059","2,741","4,641","1,997",996,"1,291","1,188","1,587","1,662","1,734","2,864","1,404","1,089","2,144","2,705","4,747"
5/25/2015,25,5,2015,"1,427","2,002","3,010","2,152","1,750","2,042","5,556","1,477","1,165","1,162","1,131","1,059","1,450","1,319","1,805",842,871,"1,731","2,258","2,408"
6/10/2015,10,6,2015,"1,318","1,469","2,953","2,011","1,682","1,603","3,552","1,446",992,"1,278",794,"1,014","1,356","1,182","1,456",799,932,"1,414","1,570","2,334"
6/26/2015,26,6,2015,"1,238","1,140","2,094","1,566","1,350","1,397","2,730","1,177",866,856,621,811,"1,439","1,143","1,261",649,943,"1,198","1,303","2,161"
7/12/2015,12,7,2015,"1,252","1,167","2,010","1,393","1,431","1,323","1,427","1,197",925,892,636,896,"1,383","1,054","1,265",763,883,"1,265","1,259","1,744"
7/28/2015,28,7,2015,"1,206",972,"1,907","1,255","1,153","1,130","1,436","1,072",931,813,531,780,"1,676",637,"1,093",694,790,"1,116","1,455","1,520"
8/13/2015,13,8,2015,"1,277","1,060","1,385","1,352","1,289","1,459","1,284","1,129","1,017",813,487,802,"1,491",983,"1,135",700,790,"1,080","1,264","1,293"
8/29/2015,29,8,2015,"1,189","1,008","1,818","1,314","1,338","1,223","1,276","1,199",903,838,564,852,"1,301",974,"1,055",920,750,925,"1,240","1,181"
9/14/2015,14,9,2015,"1,050",994,"1,327","1,179","1,095","1,403","1,072","1,013",908,833,460,760,"1,313",899,"1,144",647,745,"1,041","1,179","1,245"
9/30/2015,30,9,2015,"1,180","1,268","1,427","1,192","1,105","1,062",980,"1,070",775,648,419,845,"1,257",891,"1,189",662,633,"1,113","1,213","1,320"
10/16/2015,16,10,2015,"1,217","1,137","1,262","1,276","1,253","1,333",995,"1,004",890,629,451,680,"1,206",922,"1,224",694,821,994,"1,129","1,108"
11/1/2015,1,11,2015,"1,142","1,463","1,664","1,402","1,293","1,615","1,085","1,404",871,569,470,701,"1,342","1,190","1,930",549,638,833,"1,399","1,488"
11/17/2015,17,11,2015,"2,526","1,942","4,117",631,"2,241","3,647","1,464","1,217",847,"1,361",971,743,522,"1,088","2,760","1,441","1,548","2,566","2,429",913
12/3/2015,3,12,2015,"2,967","3,211","3,843","3,357","1,732","3,808","1,861","2,495","1,141",850,"2,518","1,347","2,679","1,853","3,530","1,401","1,353","2,664","2,512","3,405"
12/19/2015,19,12,2015,"4,381","4,509","3,155","3,134","2,690","3,379","2,494","2,155","1,273","1,390","2,687","1,419","2,103","2,724","3,376","2,683","1,300","2,607","2,428","2,155"
1/1/2016,1,1,2016,"2,648","2,677","3,259","3,224","2,028","2,357","1,474","1,991","1,212","1,203","2,301","1,210","1,901","2,467","3,192","1,174",936,"1,775","1,935","2,223"
1/17/2016,17,1,2016,"2,338","2,955","3,325","3,603","2,765","3,169","2,129","2,243","1,769","1,234","3,324","1,483","2,139","2,558","3,290","1,858","2,066","3,457","2,386","3,391"
2/2/2016,2,2,2016,"3,528","3,304","3,477","3,054","2,864","2,815","1,431","2,426","1,598","1,363","2,033","1,755","3,905","4,632","3,556","2,188","1,950","3,125","3,735","2,984"
2/18/2016,18,2,2016,"1,535","2,321","2,776","1,366","2,065","1,678","1,590","1,554","1,117",793,"1,391","1,267","3,434","1,202","2,714",901,"1,813","2,974","3,077","2,717"
3/5/2016,5,3,2016,"1,215","2,645","3,264","2,005","1,851","2,729","1,121","2,025",946,"1,295","1,062","2,031","3,556","1,692","3,327","1,047","1,566","3,402","2,055","2,290"
3/21/2016,21,3,2016,"1,677","1,762","2,471","1,873","1,502","2,041","1,066","1,683",958,923,"1,256","1,081","4,082","1,441","2,081",792,828,"2,667","1,380","1,896"
4/6/2016,6,4,2016,"1,809","2,651","2,431","2,020","3,029","2,528","1,490","2,016","1,224","1,230","2,228","1,874","4,886","1,740","2,249","1,198","1,943","4,459","2,207","2,866"
4/22/2016,22,4,2016,"1,615","2,618","2,567","2,666","2,069","2,369","3,553","2,791","1,162","1,791","1,545","1,379","3,204","1,404","2,871","1,136","2,173","4,759","1,775","3,451"
5/8/2016,8,5,2016,"1,471","2,236","3,273","3,426","2,125","2,217","4,758","2,131","1,208","1,003","1,103","1,721","3,824","1,925","2,933","1,208","1,998","2,759","1,378","3,120"
5/24/2016,24,5,2016,"1,395","1,337","2,965","2,797","2,087","1,939","4,432","1,823","1,164",942,834,"1,054","2,558","1,761","2,668",968,"1,162","3,063","1,207","2,372"
6/9/2016,9,6,2016,"1,165","1,367","2,095","2,027","1,526","1,374","3,019","1,349","1,130",873,720,842,"2,415","1,760","2,037",720,848,"1,953","1,193","1,828"
6/25/2016,25,6,2016,"1,186","1,173","1,887","1,905","1,538","1,180","2,542","1,230",919,837,581,705,"1,686","1,124","1,541",648,979,"1,628","1,201","1,501"
7/11/2016,11,7,2016,"1,120","1,135","1,602","1,634","1,551","1,309","1,244","1,318",810,704,614,847,"1,555","1,039","1,480",664,844,"1,464","1,146","1,246"
7/27/2016,27,7,2016,"1,133","1,080","1,526","1,484","1,125","1,216","1,208","1,142",913,752,723,773,"1,459","1,087","1,210",713,740,"1,396","1,094","1,347"
8/12/2016,12,8,2016,"1,143","1,078","1,493","1,557","1,371","1,158","1,358","1,094","1,056",750,636,748,"1,650","1,018","1,243",668,675,"1,341","1,114","1,193"
8/28/2016,28,8,2016,"1,217","1,249","1,581","1,266","1,167","1,171","1,014","1,137",919,822,629,764,911,877,"1,338",673,678,"1,093","1,121","1,179"
9/13/2016,13,9,2016,"1,060","1,082","1,330","1,283","1,058","1,200","1,067","1,145",856,794,599,835,"1,271",939,"1,157",684,795,"1,061","1,072","1,139"
9/29/2016,29,9,2016,"1,135","1,402","1,464","1,504","1,179","1,153","1,168","1,125",894,671,632,778,"1,236",934,"1,254",628,794,"1,054","1,156","1,281"
10/15/2016,15,10,2016,"1,167","1,185","1,357","1,276","1,152","1,227","1,050","1,089",837,635,632,820,"1,255","1,107","1,253",632,611,923,"1,127","1,424"
10/31/2016,31,10,2016,"1,021","1,443","1,572","1,308","1,492","1,740","1,043","1,195",788,824,646,363,"1,086",893,"1,444",729,600,"1,152","1,019","1,240"
11/16/2016,16,11,2016,"1,797","2,334","1,706","1,195","2,043","2,099","1,299","1,133",839,873,599,730,"1,247","1,030","2,049",625,758,988,"1,487","1,376"
12/2/2016,2,12,2016,"2,559","2,266","2,220","1,491","1,268","2,153","1,176","1,352",774,997,717,818,"1,114","1,074","2,380",793,"1,146","1,746","1,266","1,332"
12/18/2016,18,12,2016,"1,343","1,908","2,815","1,617","1,516","2,168","1,088","1,345",885,"1,086",528,750,"1,397","1,103","2,861",667,833,"1,396","1,244","1,474"
1/1/2017,1,1,2017,"1,237","1,772","3,023","1,444","1,280","1,882","1,105","1,368",811,938,790,786,"1,397","1,103","2,183",698,712,"1,580","1,244","1,181"
1/17/2017,17,1,2017,"1,312","1,771","2,096","1,219","1,195","1,487","1,177","1,211",847,824,639,770,"1,209","1,000","1,390",679,757,"1,203","1,071","1,258"
2/2/2017,2,2,2017,"1,420","1,618","2,363","1,338","1,809","1,421","1,532","1,386","1,051",739,680,869,"1,454",878,"1,307",651,627,"1,332","1,333","1,348"
2/18/2017,18,2,2017,"1,363","1,250","2,283","1,332","1,436","1,367","2,209","1,443","1,890",827,621,873,"2,218","1,859","2,078",723,727,"1,268","1,664","1,753"
3/6/2017,6,3,2017,"1,520","1,618","2,259","1,477","1,603","1,572","2,512","1,721","2,470",935,"1,005","1,610","2,865","3,504","2,360","1,377","1,008","4,063","2,491","2,934"
3/22/2017,22,3,2017,"1,226","2,355","2,849","1,454","1,542","2,047","1,268","1,542","1,496","2,801",958,"1,679","4,916","1,980","2,635","1,405","2,129","4,171","3,172","3,727"
4/7/2017,7,4,2017,"1,449",675,"2,449","1,064","1,483","1,829","1,418","1,295","1,115",846,643,917,"4,582","1,279","1,800","1,079","1,162","3,166","1,739","3,778"
4/23/2017,23,4,2017,"1,478","2,266","2,957","1,541","1,707","2,383","1,657","1,634",873,863,"1,054","1,677","4,738","2,139","1,501",537,832,"1,252","2,132","1,410"
5/9/2017,9,5,2017,"1,301","2,127","2,274",639,659,"2,357","3,942","1,694","1,398",923,761,"1,420","4,211","2,199","1,793","1,015","1,114","2,442","2,394","1,188"
5/25/2017,25,5,2017,"1,418","1,490","2,137","1,353","1,959","1,868","3,991","1,342","1,144",882,611,969,"4,325","2,171","1,496",806,"1,030","2,940","1,609","2,033"
6/10/2017,10,6,2017,"1,091","1,409","1,862","1,234","1,715","1,322","3,516","1,254","1,068",806,529,825,"3,479","1,593","1,312",706,"1,090","1,681","1,354","1,523"
6/26/2017,26,6,2017,"1,028","1,071","1,486","1,219","1,617","1,178","4,445","1,302",887,630,434,782,"2,377","1,053","1,089",628,"1,015","1,530","1,262","1,466"
7/12/2017,12,7,2017,"1,199","1,079","1,079","1,283","1,295","1,140","3,154","1,099",887,637,428,763,"1,743","1,014","1,121",648,"1,076","1,196","1,238","1,159"
7/28/2017,28,7,2017,"1,155","1,151","1,546","1,059",683,"1,027","1,902","1,202",921,867,441,802,"1,984","1,102","1,028",787,672,"1,268","1,142","1,153"
8/13/2017,13,8,2017,"1,042","1,059","1,385","1,292","1,093","1,352","1,906","1,040",957,765,354,807,"1,628",993,"1,000",685,640,"1,119","1,136","1,246"
8/29/2017,29,8,2017,"1,074",942,"1,362","1,169","1,217","1,128","1,386","1,042",931,663,464,776,"1,433","1,032","1,081",683,627,"1,027","1,046","1,190"
9/14/2017,14,9,2017,"1,205","1,177","1,304","1,322","1,109","1,136","1,576","1,050","1,094",805,442,765,"1,403",865,"1,054",604,690,957,"1,047","1,144"
9/30/2017,30,9,2017,"1,077","1,072","1,248","1,293","1,358","1,260","1,426","1,128",826,760,405,787,"1,368",957,"1,145",628,712,989,"1,052","1,027"
10/16/2017,16,10,2017,"1,220",897,"1,195","1,269","1,224","1,162","1,202",958,812,603,412,740,"1,311",863,"1,107",622,578,"1,097",912,"1,148"
11/1/2017,1,11,2017,"1,401","1,146","1,447",934,"1,073","1,373","2,504","1,004",832,907,364,828,984,"1,096","1,482",546,591,"1,000",977,"1,159"
11/17/2017,17,11,2017,"1,046","1,139","2,137","1,197","1,242","2,724","2,317","1,049",751,727,405,746,"1,904",908,"1,320",573,702,"1,119",903,"1,255"
12/3/2017,3,12,2017,"1,224","1,166","2,279","1,347","1,332","2,053","1,962","1,696",860,743,496,780,"1,367",920,"1,482",643,708,"1,101",960,"1,242"
12/19/2017,19,12,2017,967,"1,202","1,851","1,189","1,307","1,637","1,599","1,321",737,674,349,727,"1,267","1,006","1,105",651,916,"1,129",896,"1,196"
1/1/2018,1,1,2018,"1,759","1,861","2,258","1,315","1,760","1,666","3,130","1,447","1,120",814,611,885,"1,429","1,741","1,909",821,"1,096","1,131","1,469","1,132"
1/17/2018,17,1,2018,"2,134","2,375","2,354","1,346","1,569","1,542","2,906","1,645","1,436",828,"1,214","1,576","1,363","1,992","2,057","1,105","1,659","1,583","2,112","1,620"
2/2/2018,2,2,2018,"1,439","1,484","2,084","1,210","1,537","1,472","1,756","1,558","1,214",923,966,"1,430","1,157","1,908","1,724",925,"1,260","1,426","1,604","1,545"
2/18/2018,18,2,2018,"1,746","1,284","2,977","1,233","1,532","1,799","2,118","1,497","1,211",977,749,"1,055","1,324","1,663","1,135",793,739,"1,190","1,447","1,182"
3/6/2018,6,3,2018,"1,731","3,778","2,289","1,187","1,563","3,648","1,265","1,308","2,360","1,005",913,"1,363","4,588","2,145","1,180",687,850,"1,185","1,482","1,485"
3/22/2018,22,3,2018,"3,358","2,944","2,758","3,742","3,548","3,908","2,542","3,231","2,483",866,"1,612","3,521","3,325","3,813","2,630","1,289","1,728","2,466","4,174","2,551"
4/7/2018,7,4,2018,"4,389","3,317","2,709","2,776","2,374","6,756","2,048","3,067","2,329","1,454","2,249","3,774","4,340","3,938","3,300","2,446","2,682","4,524","4,827","4,251"
4/23/2018,23,4,2018,"4,282","4,766","2,866","6,276","4,069","4,630","3,718","2,840","2,515","2,171","3,467","3,568","4,160","4,465","2,532","2,670","3,188","4,717","4,708","2,317"
5/9/2018,9,5,2018,"3,300","4,354","3,689","4,695","3,244","3,917","6,041","1,624","1,810",774,"2,233","3,892","4,776","5,390","1,928","1,181","1,694","2,398","3,926","4,371"
5/25/2018,25,5,2018,"3,022","2,882","3,829","4,101","2,815","2,973","5,441","2,771","1,887","1,469","2,020","1,661","5,227","3,240","1,439",987,"1,099","3,713","3,297","4,284"
6/10/2018,10,6,2018,"2,314","2,438","2,823","3,135","2,056","2,349","4,095","2,673","1,584","1,310","1,207","1,810","2,855","3,521","1,553",858,"1,092","3,176","2,520","2,827"
6/26/2018,26,6,2018,"2,082","1,939","2,062","2,918","2,261","2,280","1,615","1,573","1,447",951,"1,215","1,558","3,671","1,805","1,275",789,955,"2,076","2,235","2,576"
7/12/2018,12,7,2018,"1,961","1,859","2,262","1,344","2,062","1,939","2,331","1,726","1,277","1,148",734,"1,146","2,318","1,541","1,254",267,806,"1,464","1,967","1,384"
7/28/2018,28,7,2018,"2,042","1,540","1,709","2,500","1,706","1,724","1,663","1,474","1,058",933,816,"1,039","2,251","2,489","1,326",791,917,"1,904","1,818","1,456"
8/13/2018,13,8,2018,"1,515","1,624","2,295","1,603","1,550","1,641","1,593","1,522","1,105","1,048",771,"1,347","2,854","1,599","1,121",730,879,"1,793","1,786","1,345"
8/29/2018,29,8,2018,"1,300","1,408","1,626","2,244","1,463","1,591","1,487","1,222","1,053",761,789,"1,020","1,469","1,466","1,235",630,740,"1,394","1,642","1,391"
9/14/2018,14,9,2018,"1,351","1,408","2,017","2,259","1,550","1,573","1,511","1,494","1,005",890,771,"1,073","1,645","1,481","1,219",689,776,"2,463","1,757","1,340"
9/30/2018,30,9,2018,"1,341","1,273","1,978","2,266","1,344","1,557","1,729","1,486","1,171",632,737,979,"1,561","1,654","1,130",636,763,"1,072","1,827","1,252"
10/16/2018,16,10,2018,"1,301","1,475","1,818","2,139","1,472","1,671","1,680","1,385",909,746,651,886,"1,848","1,516","1,067",585,647,"1,349","1,554","1,195"
11/1/2018,1,11,2018,"1,465","1,350","1,662","1,689","1,283","1,828","1,625","1,456",917,915,670,"1,123","1,336","1,416","1,154",610,807,"1,173","1,337","1,233"
11/17/2018,17,11,2018,"1,321","1,386","1,673","2,286","1,946","1,970","1,763","1,438","1,033",775,729,"1,095","1,383","1,528","1,109",627,812,"1,310","1,418","1,221"
12/3/2018,3,12,2018,"1,425","2,804","2,210","2,070","1,829","2,490","2,856","1,824",905,677,990,"1,084","1,266",491,"1,768",698,735,"1,182","1,036","1,254"
12/19/2018,19,12,2018,"1,861","3,521","2,621","1,897","2,255","3,077","4,362","1,819","1,614","1,364","1,725","2,186","1,398","3,257","2,646","1,490","1,078","1,416","1,340","1,734"
1/1/2019,1,1,2019,"1,487","2,581","2,724","2,270","2,119","1,636","3,073","1,580","1,573","1,547","1,745","2,409","1,805","2,087","2,136","1,131",761,"1,230","1,465","1,459"
1/17/2019,17,1,2019,"1,062","2,135","2,921","2,237","1,875","1,909","1,886","1,529","1,247","1,552","1,994","1,222","1,529","2,166","2,970","1,113","1,083","2,874","1,483","2,927"
2/2/2019,2,2,2019,"1,173","1,579","2,839","2,228","1,805","1,552","1,533","1,725","1,013","1,102","1,290","1,396","1,681","1,514","1,703",686,875,"1,702","1,469","3,032"
2/18/2019,18,2,2019,"1,396","1,896","2,538","2,082","1,604","1,588","1,693","1,964",903,"1,115",852,"1,134","1,582","1,842","1,533",874,"1,214","2,015","1,413","3,198"
3/6/2019,6,3,2019,"1,263","1,798","2,105","1,620","1,338","1,620","1,436","2,239",958,978,816,"1,060","1,469","1,635","1,090",684,983,"1,440","1,151","2,086"
3/22/2019,22,3,2019,"1,233","1,695","2,086","1,677","1,348","1,501","1,332","1,765","1,063",967,798,"1,096","1,573","1,666","1,122",661,"1,074","1,445","1,269","1,816"
4/7/2019,7,4,2019,"1,208","1,365","1,960","1,800","1,207","1,632","1,145","1,404",950,755,735,908,"1,645","1,268","1,135",721,733,"1,348","1,174","2,064"
4/23/2019,23,4,2019,"2,401","2,432","2,414","2,110","1,450","1,510","1,250","1,797","1,151","1,048",722,"1,051","1,993","1,891","1,441",961,"1,221","2,549","1,443","1,995"
5/9/2019,9,5,2019,"2,558","1,960","1,847","4,129","1,798","3,420","2,301","1,508","1,404",986,721,853,"1,712","1,471","1,490","1,053","1,626","3,106","1,644","4,130"
5/25/2019,25,5,2019,"2,384","1,741","2,669","3,849","2,189","2,958","4,537","2,809","1,053","1,214",631,792,"1,616","1,674","1,231",815,986,"3,083","1,274","2,026"
6/10/2019,10,6,2019,"1,532","1,443","2,374","2,236","1,761","2,044","4,881","1,908","1,166",823,683,897,"1,412","1,699","1,195",739,831,"2,868","1,339","2,213"
6/26/2019,26,6,2019,"1,578","1,194","2,242","2,011","1,429","1,642","3,923","1,605","1,050",820,608,820,"1,340","1,455","1,013",714,"1,058","2,243","1,289","2,191"
7/12/2019,12,7,2019,"1,333","1,096","1,786","1,646","1,292","1,323","3,306","1,400",888,709,535,736,"1,212","1,168","1,117",573,648,"1,216","1,178","1,407"
7/28/2019,28,7,2019,"1,331","1,260","1,870","1,668","1,273","1,262","2,071","1,216",815,793,578,840,"1,185","1,060",979,568,725,"1,473","1,157","1,622"
8/13/2019,13,8,2019,"1,281","1,061","2,051","1,498","1,510","1,212","1,433","1,235",985,762,556,783,"1,109","1,136","1,028",615,712,"1,193","1,159","1,414"
8/29/2019,29,8,2019,"1,054","1,062","1,616","1,291","1,084","1,319","1,478","1,055",923,609,600,830,"1,107","1,061","1,012",639,556,"1,104","1,077","1,188"
9/14/2019,14,9,2019,"1,234","1,164","1,540","1,445","1,047","1,140","1,359","1,071",943,627,602,832,"1,307",996,996,599,612,"1,244","1,032","1,272"
9/30/2019,30,9,2019,"1,067","1,182","1,469","1,382","1,251","1,523","1,617","1,189",843,732,476,799,"1,070","1,158",977,570,553,"1,315",968,"1,392"
10/16/2019,16,10,2019,"1,088","1,115","1,613","1,566","1,300","1,376","3,747","1,996",929,775,579,742,"1,095","1,222","1,020",610,625,"1,341","1,082","1,647"
11/1/2019,1,11,2019,"1,322","1,264","1,899","1,606","1,657","2,456","3,917","1,501",866,848,497,831,"1,902","1,415","1,215",571,576,"1,454","1,144","1,874"
11/17/2019,17,11,2019,"1,611","1,768","2,647","1,185","1,940","2,508","2,050","1,483",884,957,422,832,"2,387","1,318","1,226",608,757,"1,023","1,640","1,738"
12/3/2019,3,12,2019,"4,547","3,582","2,240","4,524","1,424","3,826","6,089","2,095",929,"1,422","1,890","1,189","6,490","3,308","3,561","2,272","2,579","2,636","2,063","3,799"
12/19/2019,19,12,2019,"5,746","4,113","3,536","5,157","3,708","5,169","6,309","2,129","2,402","1,435","2,966","1,612","4,529","4,675","4,950","2,614","2,246","3,024","3,687","4,075"
1/1/2020,1,1,2020,"3,934","4,451","3,512","3,619","3,184","4,204","4,331","2,823","1,621","1,937","2,966","2,103","4,563","3,298","4,982","2,615","1,669","2,610","4,226","4,497"
1/17/2020,17,1,2020,"6,305","4,030","3,262","3,890","3,357","4,288","3,452","3,502","2,288","1,934","4,346","2,853","3,945","4,535","3,637","3,631","2,252","4,133","3,509","4,815"
2/2/2020,2,2,2020,"6,209","5,069","3,893","3,519","3,634","4,286","2,630","2,613","2,293","2,922","4,874","4,016","4,215","4,786","4,897","2,974","3,475","4,855","4,898","4,587"
2/18/2020,18,2,2020,"4,635","4,334","4,170","2,583","2,729","2,683","2,597","2,937","1,605","2,241","3,521","2,371","3,642","4,855","4,676","2,056","2,632","3,457","3,857","4,801"
3/5/2020,5,3,2020,"5,186","5,053","3,118","3,233","2,173","2,635","2,545","2,964","2,005","2,229","3,850","3,403","2,927","3,034","4,244","2,319","2,002","4,588","3,721","3,393"
3/21/2020,21,3,2020,"4,673","4,527","3,951","4,320","2,356","3,075","2,196","2,727","2,153","2,139","3,482","3,154","5,227","3,856","5,290","1,931","2,393","5,641","4,435","4,592"
4/6/2020,6,4,2020,"3,569","5,528","4,281","4,928","1,749","2,891","3,314","3,256","2,134","2,443","3,747","3,835","6,065","3,931","6,218","2,119","2,361","5,676","4,128","3,822"
4/22/2020,22,4,2020,"4,673","5,167","1,887","4,201","1,091","3,669","2,953","2,443","2,080","1,908","2,913","4,152","4,479","4,392","5,921","3,178","3,335","4,546","3,812","3,202"
5/8/2020,8,5,2020,"4,470","4,675","1,630","4,684","2,096","3,240","6,487","3,603","2,233","1,865","2,188","3,698","3,967","3,958","4,689","2,247","3,165","5,314","4,282","2,887"
5/24/2020,24,5,2020,"4,590","3,177","3,223","3,591","1,780","3,464","4,513","3,127","1,773","2,110","2,444","2,661","3,846","5,154","5,189","1,572","1,758","1,933","3,972","2,618"
6/9/2020,9,6,2020,"2,866","2,668","3,464","2,905","1,576","2,848","3,340","2,736","1,675","1,374","1,515","1,728","3,215","2,592","4,829","1,304","1,350","2,408","2,700","2,373"
6/25/2020,25,6,2020,"2,872","2,157","3,298","2,627","1,547","2,044","3,086","2,605","1,486","2,148","1,375","1,568","2,815","2,775","3,254","1,060","1,362",490,"2,739","2,034"
7/11/2020,11,7,2020,"3,001","1,873","2,523","1,862","1,445","1,726","2,221","2,271","1,248","1,161","1,534","1,533","2,735","1,485","2,853","1,090","1,139","2,061","2,065","1,897"
7/27/2020,27,7,2020,"2,559",940,"2,412","1,804","1,257","1,650","1,888","1,934","1,097","1,062","1,056","1,400","3,112","1,243","2,230",904,897,"1,800","1,975","1,849"
8/12/2020,12,8,2020,"2,243","1,269","2,422","1,763","1,367","1,558","2,231","2,006","1,089","1,178","1,132","1,199","2,323","1,741","2,239",849,"1,132","1,979","1,661","1,435"
8/28/2020,28,8,2020,"2,015",983,"2,054","1,671","1,311","1,515","1,975","1,717","1,152","1,075","1,259","1,357","2,291","1,511","2,030",972,717,"1,802","1,762","1,690"
9/13/2020,13,9,2020,"1,828","1,174","1,791","1,629","1,288","1,660","1,826","1,474","1,130","1,027","1,137","1,049","2,133","1,200","2,013",806,861,"1,589","1,681","1,328"
9/29/2020,29,9,2020,"1,934",981,"2,156","1,651","1,289","1,430","1,657","1,684","1,121",980,"1,204","1,242","1,517","1,240","1,921",890,837,"1,683","1,723","1,648"
10/15/2020,15,10,2020,"1,908","1,155","2,051","1,703","1,054","1,506","1,541","1,568","1,048",811,"1,161","1,358","1,767","1,618","1,741",878,861,"1,543","1,561","1,494"
10/31/2020,31,10,2020,"1,725","1,321","1,278","1,689","1,784","2,047","1,606","1,783","1,251","1,226",975,696,"1,226","1,658","2,127",839,927,"1,814",948,"1,555"
11/16/2020,16,11,2020,"1,717","1,331","1,980","2,079","1,819","1,931","2,448","2,007",535,782,"1,129","1,258","1,967","1,474","2,279",704,931,"1,341","1,763","1,598"
12/2/2020,2,12,2020,"1,991","1,969","2,416","2,421","2,151","2,649","4,382","1,528","1,157","1,312","1,119","1,594","2,724","2,168","2,103",994,"1,102","1,744","1,975","3,201"
12/18/2020,18,12,2020,"1,682","1,635","1,998","2,025","2,071","2,166","4,607","1,782","1,093","1,482",868,"1,752","2,005","1,692","2,003",901,"1,003","1,703","1,603","3,380"
1/1/2021,1,1,2021,"1,807","2,326","2,198","2,382","2,106","2,054","2,892","1,884","1,408","1,339","1,933","3,122","2,057","2,416","2,833","1,824","1,379","3,067","1,936","4,625"
1/17/2021,17,1,2021,"1,762","2,126","2,400","2,166","1,516","1,499","3,360","2,078","1,243","2,042","2,247","1,920","1,487","2,264","3,307","1,620","1,071","2,536","1,699","3,834"
2/2/2021,2,2,2021,"1,700","2,284","2,942","1,662","2,424","1,319","2,086","2,462","1,171","1,664","1,834","2,057","1,415","2,576","3,111","1,078","1,289","3,495","1,455","3,905"
2/18/2021,18,2,2021,"2,983","2,883","3,070","3,388","2,598","3,587","2,074","2,749","1,338","1,695","2,089","1,931","3,446","3,310","3,011","2,440","3,350","3,351","3,973","3,308"
3/6/2021,6,3,2021,"2,173","2,770","3,570","2,863","2,753","3,589","1,451","2,811","1,453","1,405","1,426","2,001","3,652","2,818","2,407","2,063","1,734","2,747","3,355","2,447"
3/22/2021,22,3,2021,"2,981","1,646","2,748","3,013","2,463","3,810","1,213","2,026","1,127","1,267","1,199","1,400","3,701","1,794","1,861","1,237","1,041","2,363","1,856","1,968"
4/7/2021,7,4,2021,"4,311","4,015","2,722","3,529","2,201","2,681","1,470","2,896","1,354","1,418","1,681","1,620","5,635","2,470","3,662","1,784","1,684","4,043","2,164","2,337"
4/23/2021,23,4,2021,"3,749","2,310","4,141","1,929","2,272","2,051","2,687","2,516","1,457","2,054","1,595","2,573","5,883","3,275","5,299","2,333","1,970","1,346","4,003","2,183"
5/9/2021,9,5,2021,"3,623","4,038","4,229","2,801","2,765","1,996","3,300","2,496","1,630","2,127","1,481","2,863","4,427","4,018","3,971","2,612","1,735","2,428","2,413","2,625"
5/25/2021,25,5,2021,"2,627","2,628","2,155","2,441","2,597","1,336","4,000","2,258","1,286","1,935","1,603","1,923","3,246","3,036","2,729","1,312","1,041","1,834","1,787","2,272"
6/10/2021,10,6,2021,"2,771","2,140","2,921","1,970","1,224","1,449","2,956","1,985","1,369","1,374","1,335","1,814","2,410","2,215","2,659","1,001",965,"1,159","1,415","1,423"
6/26/2021,26,6,2021,"2,070","1,658","2,619","1,576","2,053","1,483","2,113","1,730",907,"1,286","1,089","1,074","1,823","1,621","1,938",860,"1,581",596,"1,452","1,468"
7/12/2021,12,7,2021,"1,540","1,471","2,103","1,742","1,485","1,285","1,398","1,442",969,994,857,"1,146","1,591","1,391","1,672",797,777,690,"1,309","1,354"
7/28/2021,28,7,2021,"1,579","1,334","1,991","1,332","1,449","1,518","1,368","1,342",937,949,950,"1,100","1,781","1,179","1,659",820,753,"1,091","1,214","1,220"
8/13/2021,13,8,2021,"1,395","1,271","1,591","1,302","1,440","1,324","1,239","1,188",947,719,757,961,"1,275","1,081","1,425",712,707,"1,105","1,248","1,274"
8/29/2021,29,8,2021,"1,352","1,236","1,646","1,451","1,421","1,328","1,273","1,309","1,019",931,871,948,"1,456","1,202","1,483",650,693,"1,120","1,201","1,358"
9/14/2021,14,9,2021,"1,513","1,149","1,622","1,497","1,399","1,393","1,297","1,329",959,912,782,952,"1,354","1,393","1,343",792,838,"1,023","1,205","1,174"
9/30/2021,30,9,2021,"1,650","1,343","1,606","1,339","1,328","1,429","1,310","1,496",959,893,635,823,"1,040",973,"1,549",819,724,"1,263","1,205","1,048"
10/16/2021,16,10,2021,"1,466","1,189","1,463","1,335","1,312","1,371","1,214","1,416",822,859,596,861,"1,294",927,"1,349",674,611,"1,170","1,042","1,115"
11/1/2021,1,11,2021,"1,649","1,124","2,016","1,277","1,334","2,270","1,134","1,789","1,029","1,070",759,904,"1,340","1,169","1,324",632,697,"1,289","1,204","1,213"
11/17/2021,17,11,2021,"1,993","1,487","2,279","1,430","1,339","1,676","1,115","1,773",934,988,751,"1,002","1,196","1,277","1,645",646,813,"1,038","1,183","1,489"
12/3/2021,3,12,2021,"1,264","1,000","2,118","1,569",985,"1,922","1,036","1,636",967,"1,110",951,933,"1,040","1,095","1,877",680,728,"1,137","1,006","1,221"
12/19/2021,19,12,2021,"1,939","1,378","2,552","1,685","1,541","2,312","3,214","1,482","1,033","1,030",833,"1,045","3,188","1,057","2,688",586,647,"1,198","1,089","1,050"
1/1/2022,1,1,2022,"1,846","1,141","2,436","1,518","1,675","2,725","1,774","1,791",911,750,893,811,"1,317","1,257","2,281",638,665,"1,223","1,073","1,124"
1/17/2022,17,1,2022,"1,559","1,343","1,914","1,740","1,539","1,659","2,161","1,075",989,706,875,"1,069","2,105","1,308","1,290",783,811,"1,337","1,614","1,544"
2/2/2022,2,2,2022,"2,769","2,499","2,595","1,521","1,282","1,519","3,186","2,140","1,255","1,203","1,851","1,502","1,986","1,776","2,611","1,602","2,509","3,922","3,911","2,399"
2/18/2022,18,2,2022,"2,335","3,354","3,121","1,706","1,665","2,153","3,737","3,083","1,591","2,023","1,443","1,964","3,194","3,870","3,079","1,952","2,779","4,138","3,788","3,154"
3/6/2022,6,3,2022,"1,822","1,959","2,921","1,866","1,253","2,036","1,833","2,235","1,414","1,556","1,447","2,823","2,726","3,226","2,525","1,192","1,804","3,157","3,785","2,461"
3/22/2022,22,3,2022,"2,336","1,682","3,787","1,461","1,414","2,146","1,533","2,294","1,296","1,160","1,298","1,631","3,687","2,740","2,126",909,"1,113","2,632","4,303","2,413"
4/7/2022,7,4,2022,"1,682","1,582","3,511","1,574","1,781","1,573","1,448","2,125","1,230","1,199","1,134","1,412","4,302","1,897","1,438",759,"1,094","2,879","2,472","1,837"
4/23/2022,23,4,2022,"2,304","2,591","8,487","2,112","1,281","1,328","4,112","2,169","1,196","1,399","1,084","2,144","4,873","2,849","1,816","1,205","1,011","1,765","2,489","1,103"
5/9/2022,9,5,2022,"2,887","1,858","2,592","2,266","2,077","1,512","2,543","2,381","1,001","1,201",999,"1,744","2,971","1,291","1,466","1,065","1,088","2,157","1,717","1,733"
5/25/2022,25,5,2022,"1,585","1,852","2,239","1,810","1,775","1,317","2,056","1,490","1,078",969,688,"1,229","2,912","1,521","1,350",770,913,757,"1,596","1,235"
6/10/2022,10,6,2022,"1,638","1,537","2,026","1,407","1,510","1,285","1,194","1,585",958,981,702,"1,108","1,885","1,447","1,093",724,682,"1,318","1,464","1,107"
6/26/2022,26,6,2022,"1,372","1,186","1,741","1,412","1,325","1,094","1,112","1,354",952,"1,052",642,963,"1,358","1,314","1,049",685,499,798,"1,255","1,255"
7/12/2022,12,7,2022,"1,350","1,225","1,997","1,411","1,361","1,061","1,264","1,384","1,007","1,030",642,972,"1,765","1,095",984,727,981,"1,214","1,220","1,320"
7/28/2022,28,7,2022,"1,258",962,"1,490","1,202",936,"1,029","1,108","1,311",918,975,608,862,"1,298","1,023",967,713,679,973,"1,186","1,064"
8/13/2022,13,8,2022,"1,378","1,170","1,436","1,255","1,209","1,071",990,"1,171","1,008",866,570,797,"1,358","1,226","1,006",656,742,973,"1,192","1,088"
8/29/2022,29,8,2022,"1,284","1,010","1,349","1,342","1,270","1,167","1,040","1,137",904,772,617,909,"1,228",981,"1,088",731,797,"1,032","1,222","1,121"
9/14/2022,14,9,2022,"1,309","1,229","1,394","1,213","1,298","1,101","1,155","1,177",889,771,604,924,"1,265","1,127","1,022",684,591,"1,139","1,139","1,088"
9/30/2022,30,9,2022,"1,386","1,221","1,587","1,183","1,268","1,100","1,187","1,225",870,748,523,698,"1,063",979,"1,238",676,613,873,"1,021","1,043"
10/16/2022,16,10,2022,"1,274","1,211","1,319",847,"1,252","1,306","1,096","1,211",863,959,507,870,"1,135","1,132","1,235",608,737,"1,306","1,120","1,055"
11/1/2022,1,11,2022,"1,434","1,086","1,655",352,"1,558","1,224",929,"1,335",962,924,582,578,"1,046","1,109","1,142",607,652,916,"1,166","1,081"
11/17/2022,17,11,2022,"1,606",989,"1,428","1,487","1,470","1,558","1,826","1,517",794,979,"1,107",998,"1,688","1,972","1,139",615,577,"1,179","1,315","1,892"
12/3/2022,3,12,2022,"1,841","1,069","1,302","1,242",728,"1,946","4,612","1,518","1,308",897,782,"1,049",900,"2,052","1,293",677,786,"1,005","1,401","1,163"
12/19/2022,19,12,2022,"1,620","1,276","1,229",338,"1,550","2,362","3,273","2,687",980,916,"1,211","1,023","5,499","1,813","1,778",599,713,"1,269","1,051","1,251"
1/1/2023,1,1,2023,"2,364","1,491","2,474","1,966","1,325","2,094","1,687","1,678","1,126","1,025","2,169","1,009","5,198","2,547","1,887","1,241","1,031","1,724","2,539","1,970"
1/17/2023,17,1,2023,"1,805","1,301","2,191","1,777","1,308","1,758","2,030","1,635","1,052","1,196","1,090",980,"3,252","1,754","2,053",966,969,"1,440","1,952","1,748"
2/2/2023,2,2,2023,"1,761","1,188","2,335","1,593","1,212","1,435","1,326","1,556","1,114","1,266",738,960,"1,942","1,596","1,907",906,873,"1,405","1,266","2,428"
2/18/2023,18,2,2023,"1,463","1,474","1,790","1,560","1,110","1,278","1,077","1,346",866,776,779,801,"1,453","1,014","1,410",705,846,"1,378","1,264","2,118"
3/6/2023,6,3,2023,"1,346","1,279","1,901","1,439","1,275","1,338","1,223","1,352",838,854,710,881,"1,489","1,200","1,235",632,779,"1,447","1,160","1,583"
3/22/2023,22,3,2023,"1,644","2,097","3,234","2,161",970,"1,901","1,213",722,"1,196","1,125",840,887,"1,588","1,083","1,705",801,"1,280","2,757","1,276","2,749"
4/7/2023,7,4,2023,"1,983","3,225","2,970","1,732","1,923","2,695","1,077","3,209","1,401","1,740","1,994",986,"4,645","2,051","2,344","1,066","2,273","2,750","2,333","2,897"
4/23/2023,23,4,2023,"1,749","1,814","1,656","2,117","1,869","2,689","3,569","1,965","1,256","2,928","2,227","1,815","6,010","2,030","4,604","1,273","2,180","6,428","1,318","2,823"
5/9/2023,9,5,2023,"1,766","2,073","3,086","3,247","2,247","2,232","3,753","2,514","1,439","1,645","1,059","1,628","4,442","4,304","2,328","1,081",898,"5,073","1,886","1,913"
5/25/2023,25,5,2023,"1,555","1,932","3,117","2,620","2,127","1,904","4,570","2,060","1,138","2,129",994,"1,148","4,593","1,944","1,991",804,934,"2,937","1,372","1,642"
6/10/2023,10,6,2023,"1,378","1,364","2,255","2,464","1,568","1,516","3,473","1,853","1,157","1,112",890,865,"3,968","1,408","1,522",601,610,"1,945","1,264","1,634"
6/26/2023,26,6,2023,"1,335","1,146","1,693","1,517","1,403","1,153","2,805","1,493",970,"1,222",678,816,"2,843","1,162","1,052",610,824,"1,530","1,197","1,462"
7/12/2023,12,7,2023,"1,286","1,072","1,495","1,444","1,477","1,145","1,427","1,353","1,009","1,034",527,717,"2,113","1,176","1,227",626,654,"1,227","1,065","1,250"
7/28/2023,28,7,2023,"1,504","1,016","1,445","1,194",906,"1,094","1,374","1,363",877,725,536,727,"1,798","1,113","1,115",645,912,"1,798","1,029","1,633"
8/13/2023,13,8,2023,"1,182",887,"1,558","1,430","1,019","1,294","1,371","1,306",929,793,457,765,"1,851","1,071","1,096",602,733,"1,032","1,101","1,111"
8/29/2023,29,8,2023,"1,382","1,183","1,852","1,311","1,217","1,127","1,198","1,194",920,756,564,820,"1,458","1,108","1,123",734,700,"1,332","1,137","1,184"
9/14/2023,14,9,2023,"1,432","1,380","1,516","1,487","1,334","1,065","1,319","1,278",844,929,528,786,"1,737","1,287","1,077",628,684,867,992,"1,028"
9/30/2023,30,9,2023,"1,537","1,460","1,613","1,655","1,023","1,315","1,053","1,231",856,978,471,791,"1,434","1,096","1,053",625,689,"1,248",936,"1,096"
10/16/2023,16,10,2023,"1,246","1,103","1,423","1,513","1,231","2,635","1,337","1,486",833,"1,103",450,872,"1,439","1,076","1,011",592,820,"1,181","1,035","1,099"
11/1/2023,1,11,2023,"1,220","1,073","1,826","1,277",382,"3,140",670,"1,160","1,103",704,396,760,"1,101","1,019","1,525",559,691,"1,228",949,"1,783"
11/17/2023,17,11,2023,"1,405","2,550","3,017","5,641","3,338","3,950","1,264","2,265","1,047","1,657","1,945",955,"1,765","1,993","4,140","1,710","1,834","4,290","1,876","2,143"
12/3/2023,3,12,2023,"1,833","2,694","3,767","5,333","5,042","3,432","3,975","2,868","1,210","1,631","2,004","1,400","3,111","2,865","4,295","2,004","2,058","4,785","4,022","2,906"
12/19/2023,19,12,2023,"2,995","1,819","2,800","3,260","4,242","4,056","5,701","1,937","1,060","2,316","1,430",976,"4,257","1,519","2,395","1,951","1,605","3,073","3,901","3,058"
1/1/2024,1,1,2024,"1,825","3,612","4,045","3,397","2,823","4,182","5,701","2,347",986,"1,713","2,032","1,581","5,712","2,897","5,038","2,938","3,019","5,148","4,125","3,479"
1/17/2024,17,1,2024,"4,291","3,444","3,448","5,383","5,048","3,720","3,908","4,626","1,436","2,087","2,374","2,947","4,022","3,929","5,534","3,077","3,376","5,069","5,443","4,727"
2/2/2024,2,2,2024,"3,086","2,733","3,260","3,683","3,053","3,551","2,898","3,563","2,157","2,337","2,223","2,924","4,420","3,849","4,654","2,565","2,521","3,844","3,759","4,599"
2/18/2024,18,2,2024,"3,719","2,762","3,878","3,182","2,077","3,143","2,583","2,383","1,345","1,796",968,"2,012","2,893","1,737","4,693","2,020","2,236","3,659","3,587","3,090"
3/5/2024,5,3,2024,"4,265","1,928","3,110","2,840","1,692","2,783","1,565","3,242","1,334","1,573","1,273","1,176","4,802","3,073","4,445","1,673","1,441","3,113","2,403","2,303"
3/21/2024,21,3,2024,"2,434","2,461","2,530","2,592",655,"2,984","1,442","3,107","1,675","2,244","1,075","1,635","4,945","2,779","5,260","1,874","2,938","4,878","1,820","3,089"
4/6/2024,6,4,2024,"4,008","3,089","2,447","4,730","2,033","3,453","3,548","3,186","1,232","1,483","1,080","1,794","4,559","2,459","3,950","1,857","2,408","3,423","2,821","3,733"
4/22/2024,22,4,2024,"4,414","2,664","3,887","3,683","2,991","3,497","5,265","1,925","1,644",746,"1,579","2,075","4,325","4,224","3,745","2,069","2,452","5,483","1,621","5,140"
5/8/2024,8,5,2024,"2,761","3,697","3,367","2,667","4,286","3,159","5,553","2,267","1,763","3,615","3,105","1,000","5,273","3,645","4,966","1,630","2,289","3,773","3,495","4,228"
5/24/2024,24,5,2024,"2,437","3,414","3,743","2,665","2,112","2,009","5,579","2,016","1,426","1,416","1,721",980,"2,951","3,090","3,290","1,031","1,287","1,989","2,230","2,596"
6/9/2024,9,6,2024,"3,413","2,201","2,968","2,181","1,913","1,693","3,736","1,917","1,379","1,689","1,422",968,"2,698","1,911","2,485","1,108","1,170","1,979","1,975","2,214"
